customer_id,total_value,activity_score
-1.7303196219213357,-0.5746066291314569,0.00968350400839687
-1.7268555185741457,-1.4777067691336625,-3.749859584881294
-1.7233914152269558,-0.6052205313255086,-14.249717259375169
-1.719927311879766,1.0159977394329063,0.39342704141677964
-1.7164632085325762,-0.08726464844985041,-8.070846690721512
-1.7129991051853863,0.05082987509884723,-4.42475848589333
-1.7095350018381965,-1.4951837628220985,3.8614011598986115
-1.7060708984910065,-1.5781665764325516,0.40460100775848995
-1.7026067951438166,-2.4900692286981867,67.89032127448627
-1.6991426917966268,0.41493688757164926,0.5026576262993938
-1.695678588449437,0.9305785670479224,2.0811247772691344
-1.6922144851022471,0.07203028467448824,0.1045672459565889
-1.688750381755057,-0.035488607735364705,-0.3259578131545335
-1.6852862784078677,0.09376391161920747,-3.6180512216138796
-1.6818221750606774,-0.3711725875543772,-0.5294521417447106
-1.6783580717134876,-1.1232907610601752,0.37963813870776525
-1.6748939683662978,0.28418994879420645,0.30341915660537716
-1.671429865019108,-1.5957770270726914,0.2638109771450158
-1.667965761671918,0.2007459494684263,-0.6577961241308685
-1.6645016583247283,-0.978533402800859,0.18316379309145314
-1.6610375549775385,-0.9061763433412895,0.45663696865609726
-1.6575734516303484,0.36288869336311974,-0.9359147555442056
-1.6541093482831586,0.11635672968811393,-0.7418237690591821
-1.6506452449359688,-0.012561066303690046,0.13359916352450832
-1.647181141588779,0.060540362636146525,-0.8795352276852144
-1.643717038241589,-1.5799976437927434,-0.3362694102974212
-1.6402529348943993,-1.5637964480319313,0.2566186511161368
-1.6367888315472092,0.655289093227117,-1.6761456142505928
-1.6333247282000194,1.257691271812119,-37.49967788150429
-1.6298606248528296,0.26941967845262405,2.7348262873551983
-1.6263965215056395,1.386636342501441,-0.061419605643494045
-1.62293241815845,-0.3502022536599785,1.8515309806793634
-1.61946831481126,-1.04241895138519,-0.5294521417447106
-1.6160042114640705,0.9020569995683457,0.022246246326312284
-1.6125401081168802,-0.6527640002047734,1.3069392453893616
-1.6090760047696904,0.2460464242067632,7.301612404993166
-1.6056119014225003,0.18368511323342152,-0.7288098648214983
-1.6021477980753107,0.6014975057793276,6.243644091595844
-1.5986836947281209,0.5467604859194557,-10.28825316376171
-1.595219591380931,0.18758127452377713,0.4876153046495648
-1.5917554880337412,-0.9577462850125761,-0.538116839000487
-1.5882913846865512,-1.6468432304309382,-0.5045311017378206
-1.5848272813393611,-0.06375257896542322,0.013493473216322376
-1.5813631779921715,1.128282590613098,-3.2195577820688204
-1.5778990746449817,0.03698821621818868,-0.17184489933302616
-1.574434971297792,0.2638756489515876,-0.6070922653088726
-1.570970867950602,-0.16667115319101608,-0.13273344643236476
-1.5675067646034122,1.2927615051876462,0.8856136227806315
-1.5640426612562222,-0.2119564263338758,-0.4670891586878116
-1.5605785579090323,0.7858639818221729,1.1347591760807716
-1.5571144545618425,-1.101423253248651,-0.4670891586878116
-1.553650351214653,-0.030564291240360395,0.7066074798081757
-1.5501862478674628,0.37702164126542553,0.7066074798081757
-1.546722144520273,0.03655141409939916,13.074764541919516
-1.5432580411730832,-0.32178090818828625,39.14759423194339
-1.5397939378258931,-0.35176600015826415,-0.4407120312658857
-1.5363298344787033,1.4751960814246723,0.13785171638338575
-1.5328657311315137,0.8695178191223332,0.5734140481654751
-1.5294016277843236,1.0837907169709435,0.3793530867634197
-1.5259375244371338,-0.017159866871892818,-1.0092684448747515
-1.522473421089944,-1.2554800116164264,0.8392085603903606
-1.5190093177427542,0.4400220720780669,-11.021088681851541
-1.515545214395564,-1.6584241161713835,11.694990901463093
-1.5120811110483745,-0.04588236163045243,0.9290352368686523
-1.5086170077011845,-0.5316207223594905,0.00772134866386621
-1.5051529043539946,-0.4752047697904282,0.00808542389231292
-1.5016888010068048,-0.015170060263445863,-1.1292424676543402
-1.498224697659615,-0.05699137051675632,4.6873096345809095
-1.4947605943124251,-0.7449102134813838,-0.3820503359067534
-1.491296490965235,0.27767189804676035,0.3793530867634197
-1.4878323876180453,0.996812011803766,11.505408368432644
-1.4843682842708554,-0.07410928268079213,-4.612907021412643
-1.4809041809236656,-0.329583998212532,0.19611853766703602
-1.4774400775764758,0.08709091990280013,0.38031724856315735
-1.473975974229286,0.9266010988414334,0.2638109771450158
-1.470511870882096,0.0959081081069859,-0.3738546878667148
-1.467047767534906,0.6952417263725846,-1.7578722557947404
-1.4635836641877162,1.4665016505550736,-0.20928037477144326
-1.4601195608405264,-0.2633857808014782,0.10210198077967447
-1.4566554574933366,-0.016568140740746248,-0.84753286177477
-1.4531913541461468,-1.5507768368344188,0.14238389320340886
-1.449727250798957,-0.5296045397535366,0.3272951759215006
-1.4462631474517669,-0.6936525700640885,-0.302490135147848
-1.442799044104577,-0.2169864333415514,0.7951689453610914
-1.4393349407573872,-0.4125609024464942,0.7397841948681442
-1.4358708374101974,0.03873777318299943,-2.2039639885561226
-1.4324067340630076,0.6803712848929303,-18.33785985314237
-1.4289426307158175,0.01441347388913587,0.01766322471697736
-1.425478527368628,0.005054369578024547,-4.622143526953824
-1.422014424021438,0.024709244048065813,4.3479758866602705
-1.418550320674248,0.5311944336743075,0.1045672459565889
-1.4150862173270582,1.915704693410617,-2.73446963677073
-1.4116221139798684,-0.7147352329816206,-0.1758029793749646
-1.4081580106326783,-0.12702266217301977,1.347432854872195
-1.4046939072854887,0.20504326161768194,-41.574199060669855
-1.4012298039382989,1.3108334806751945,-0.43147980788657797
-1.3977657005911088,-0.6133276871725067,-1.284090841428776
-1.394301597243919,-0.18701031989338646,-0.5680713475065792
-1.3908374938967292,0.26412933670388616,0.11892447846042488
-1.3873733905495391,-1.64141414974835,0.5420667162679503
-1.3839092872023495,0.5558307514381962,-0.33764682331688345
-1.3804451838551597,1.0040311587780963,-0.08025489304198875
-1.37698108050797,-0.6464101402537644,39.14759423194339
-1.3735169771607798,2.224981704485566,-1.4366281020585876
-1.37005287381359,-1.8161423140387802,-0.2364310365377894
-1.3665887704664,0.6427280225147102,-0.061419605643494045
-1.3631246671192103,0.15551605659419865,-5.252397479101057
-1.3596605637720205,2.339377178077636,-0.27840089441164556
-1.3561964604248309,-1.4569354294653916,0.3406999981959722
-1.3527323570776408,-0.6688969371562216,0.34880007704907523
-1.3492682537304508,1.3709747228362035,0.3379382509473955
-1.345804150383261,0.0017397689347236525,1.6916926542774569
-1.3423400470360711,-0.3898435550778834,-0.6657255419372531
-1.3388759436888813,0.004929636799072204,-0.8927850570240136
-1.3354118403416917,0.9595917234337816,0.47816820832912055
-1.3319477369945016,0.5180581356064364,-123.7278590091329
-1.3284836336473116,-0.2721648929514044,3.1097991001695653
-1.3250195303001218,0.4302875909461209,0.29274148420782686
-1.321555426952932,-1.7847783025540127,-0.8927850570240136
-1.318091323605742,-1.7556934536464823,0.477635516163271
-1.3146272202585525,0.24175053641224295,1.26770892480815
-1.3111631169113624,0.04815066384196759,0.030040852174634855
-1.3076990135641726,1.7266443156860884,-0.41445526250304304
-1.3042349102169826,0.1767608416024821,14.891025259541554
-1.3007708068697927,-0.7805125281335209,0.12228238782696756
-1.297306703522603,1.088300512324801,47.230366793537875
-1.293842600175413,1.154771213883677,0.06331957774904089
-1.2903784968282233,-0.23160489120760866,0.01127533592586825
-1.2869143934810334,0.054938782421166774,-0.10590569543981872
-1.2834502901338436,0.40869294880600826,0.030040852174634855
-1.2799861867866535,-0.19739167003265623,2.5383831889674138
-1.2765220834394635,-0.6582776519497612,0.8856136227806315
-1.273057980092274,-0.3408046239446013,0.3552497378476259
-1.269593876745084,0.4061180121853667,-1.0178958515917194
-1.2661297733978942,0.9647038851877897,0.14193751305755078
-1.2626656700507044,-0.12846405829521323,0.19160136623624643
-1.2592015667035146,0.00901224442860308,-0.8025885863542709
-1.2557374633563243,-0.2785041447880743,-0.6661692213083409
-1.2522733600091347,-0.8527867715392029,1.0230734583755328
-1.2488092566619449,-0.47577294319863217,0.5464200926545435
-1.245345153314755,0.24119278283719092,-1.6576021407822314
-1.2418810499675652,-0.9649679330859947,-75.82331393822813
-1.2384169466203754,0.035960035578634204,-1.0968956582606877
-1.2349528432731856,-1.1909926307649716,-1.3672080861805043
-1.2314887399259955,1.4847817937915084,1.3069392453893616
-1.2280246365788057,0.02881199612313713,-0.1644403810192295
-1.2245605332316158,-0.0515688181267054,0.9606176439134922
-1.221096429884426,-0.6459823166567875,17.40895310187188
-1.2176323265372362,-2.220317086519844,33.568125892890535
-1.2141682231900464,-0.121018091307607,-0.6962972620842272
-1.2107041198428563,1.3180074467781937,-1.2417133376043903
-1.2072400164956665,-1.5172089331375245,0.016798068524836347
-1.2037759131484769,-1.4655114438910233,-1.0968956582606877
-1.2003118098012868,0.034430185331725705,0.5040269388460068
-1.196847706454097,-0.6124157779665139,0.11892447846042488
-1.1933836031069072,0.655239393420822,0.8393737930012002
-1.1899194997597171,0.1907274706545491,-0.13797861719985616
-1.1864553964125275,0.11700280173504987,0.6527618553273817
-1.1829912930653377,0.9739188753215876,-0.7756010666143703
-1.1795271897181476,-0.029412547827529025,0.46586653465946964
-1.1760630863709578,2.2853999327727563,0.22304955863532322
-1.172598983023768,-0.007698870327404139,0.4074508249163877
-1.169134879676578,-0.012945201210485674,0.01127533592586825
-1.1656707763293883,0.5888869980879865,-16.65271294442259
-1.1622066729821985,-1.6079403297686958,0.19319847384350264
-1.1587425696350084,1.060317681588902,0.7806192800108245
-1.1552784662878186,0.1558904160187939,0.375303539041852
-1.1518143629406288,-2.404701884173301,-0.3563980790159295
-1.148350259593439,0.2326674008310735,0.2566186511161368
-1.1448861562462491,-0.2588788935052043,4.305183748828838
-1.1414220528990593,0.2299964559186391,3.847974719250727
-1.1379579495518692,-1.8576709363506152,0.46586653465946964
-1.1344938462046794,1.1090729456940303,0.3917222806253488
-1.1310297428574896,-2.333530201550576,0.20085384444331916
-1.1275656395102998,1.0792706120018591,0.3289063874170064
-1.12410153616311,-0.00018986716446374563,2.8837055134682266
-1.12063743281592,-2.7999833926463746,-2.3628408687279543
-1.1171733294687305,0.8557454279689747,-0.8961962657061575
-1.1137092261215402,-0.5186540581579382,-14.249717259375169
-1.1102451227743504,-0.16296667783046823,-1.0826936691686502
-1.1067810194271606,0.42673850590454016,0.45663696865609726
-1.1033169160799707,-0.9412932582476026,4.404106748831087
-1.099852812732781,-0.04423593473111041,-0.3931094431197141
-1.096388709385591,-0.1575368849705136,-3.1589348836297457
-1.0929246060384012,0.9806197097817474,-1.012462885130095
-1.0894605026912112,-1.1315391230269023,0.45992742076890647
-1.0859963993440214,-0.7454767166640941,-0.7327703569349542
-1.0825322959968315,0.1819960828665538,-0.3738546878667148
-1.0790681926496417,0.8682044453602663,1.7650256958723338
-1.075604089302452,0.22744245222562337,-0.14928082375413196
-1.072139985955262,0.7707336803863676,-0.49625970090507343
-1.0686758826080722,0.8619879339015785,0.38031724856315735
-1.0652117792608822,0.208848501597442,0.7981035813079389
-1.0617476759136923,-0.11102616653557841,0.8540866121231233
-1.0582835725665023,-0.024917716676692174,1.9360533565611522
-1.054819469219313,-1.8534544732891858,-2.827418310475488
-1.0513553658721229,-0.829153140160769,0.5569520234343661
-1.047891262524933,1.1946791918125363,0.012068920250178616
-1.0444271591777432,-0.24131119894202444,1.7304451576995894
-1.0409630558305532,-0.0255169884966148,0.008485531700799508
-1.037498952483363,-1.4385672305844341,0.09330316289805793
-1.0340348491361735,-0.7025044345234347,3.0579719745760734
-1.0305707457889837,0.37860145414599206,0.01969158887346139
-1.0271066424417938,-1.4152128914303237,-0.3436735791754307
-1.023642539094604,-0.026580752569642513,-2.6847826754751893
-1.0201784357474142,0.3413807672958132,-0.12390693290106314
-1.016714332400224,-1.8630066031018204,-0.6207605193252572
-1.0132502290530343,0.3874448403033425,0.3122175048324524
-1.0097861257058445,-2.3304716456275294,1.7766020251185588
-1.0063220223586546,-0.4380809899320536,1.4272897905297741
-1.0028579190114648,-0.7389292207738186,0.9104745745569622
-0.9993938156642748,-0.20853432929957832,0.5839601549484353
-0.995929712317085,0.990766668784059,-2.6847826754751893
-0.9924656089698952,-0.05715408608864672,-0.37686574647706234
-0.9890015056227052,0.030324465850955978,0.473447124252843
-0.9855374022755156,-0.7763180747440706,-0.31260776440416665
-0.9820732989283256,-1.7668924173169547,-1.8545552710671451
-0.9786091955811356,0.5560113647055989,0.9606176439134922
-0.975145092233946,-0.8894640840145134,2.153951070009817
-0.971680988886756,-0.7440992215040381,0.00968350400839687
-0.9682168855395662,0.21275271727469308,-2.5323969089227263
-0.9647527821923764,0.7730475531319748,-0.2364310365377894
-0.9612886788451864,0.424668638690353,-2.573652287994972
-0.9578245754979966,1.1994514669178609,-0.9779606887222663
-0.9543604721508068,0.6650413109668364,0.008485531700799508
-0.9508963688036168,-0.2938988251149949,0.02089110868735811
-0.947432265456427,-0.6013245650360988,-0.7537856022659931
-0.9439681621092372,0.20383548510696414,-1.1895936095487876
-0.9405040587620472,0.13448304261314947,-1.2146547787930972
-0.9370399554148574,-1.9718678226750521,0.15796414385112145
-0.9335758520676676,-0.38688570442593295,-0.513158893184294
-0.9301117487204776,-1.4748207720911204,-0.8741964092697732
-0.9266476453732878,1.8283574873255226,-0.25035489565832536
-0.923183542026098,-0.8526571213450929,1.4622272781076149
-0.9197194386789082,-0.6695638827826693,-14.249717259375169
-0.9162553353317182,-0.7988546731924473,-2.4749124891332706
-0.9127912319845284,-0.4516248908466431,1.3669433162982578
-0.9093271286373386,-0.811545351707454,0.3004101493911988
-0.9058630252901486,-0.0024679445190477654,1.153333973351238
-0.9023989219429588,-0.014150976841932145,0.011658639200756223
-0.898934818595769,-1.2444920813609157,-0.07481895984797846
-0.895470715248579,-0.3933246780506711,1.4272897905297741
-0.8920066119013892,0.04413929090579999,0.38415165144175906
-0.8885425085541994,0.4902477620114196,-1.508498685286097
-0.8850784052070095,-0.14023690974943429,4.355285508392511
-0.8816143018598196,1.3504233951047067,-9.393206453341731
-0.8781501985126298,0.5258575375693136,0.7066074798081757
-0.8746860951654399,0.4552723160521978,2.3013860478899213
-0.87122199181825,-0.22440202257310898,-0.3362694102974212
-0.8677578884710602,-0.8049578806232722,-0.6672243020612528
-0.8642937851238703,-0.7683019843388018,0.8239581752195451
-0.8608296817766805,1.3785282286063167,-0.09741427028488155
-0.8573655784294906,0.4084573198369593,0.27349245048094944
-0.8539014750823007,0.14349155218015802,-0.6309940621389066
-0.8504373717351109,1.6526663829293897,-0.538116839000487
-0.846973268387921,-0.015854759454271228,0.5145619668107108
-0.8435091650407311,0.530792350202188,-9.23816614266272
-0.8400450616935413,0.9989327827431318,0.20221959969242354
-0.8365809583463515,0.9650159036578152,0.6065511206138755
-0.8331168549991615,1.156726802065271,2.091664509239127
-0.8296527516519717,-1.485466077206405,-0.20399443471035353
-0.8261886483047819,-0.004730616798906305,2.876929383551058
-0.822724544957592,-0.3055651636612508,-0.3870844038515486
-0.8192604416104021,-0.292159501460692,0.0237893856792289
-0.8157963382632123,-2.355680214862882,3.442809909744849
-0.8123322349160224,0.266385930041214,-7.770325321431382
-0.8088681315688325,-0.04368095356081069,0.2110452738433233
-0.8054040282216427,0.6727637129909948,-1.0291894443566367
-0.8019399248744529,0.14087754754392284,-0.3698894121005404
-0.7984758215272629,-0.9930189632831427,-1.0669299790742655
-0.7950117181800731,1.0355221752267525,0.7677891105891326
-0.7915476148328833,-0.14394653991759504,-27.91195816002251
-0.7880835114856933,1.3709747228362035,-0.09487851184802105
-0.7846194081385035,0.01715524653643756,-0.17184489933302616
-0.7811553047913137,0.6864522198244137,-1.0640716614106336
-0.7776912014441238,-0.26396489969755826,0.5255516255981657
-0.7742270980969339,0.16919561881901227,0.11892447846042488
-0.7707629947497441,-0.6072829545905437,-16.65271294442259
-0.7672988914025543,0.4190169601888842,2.3013860478899213
-0.7638347880553643,-0.04163115448744628,0.00968350400839687
-0.7603706847081745,0.215734985436389,0.28345245263904917
-0.7569065813609847,-0.9099700358737317,0.24215984329054982
-0.7534424780137948,1.086519704338836,-0.17852830967093916
-0.7499783746666049,0.1411136936893935,-1.0968956582606877
-0.7465142713194151,0.4940484830562164,5.93698673257298
-0.7430501679722252,0.27282398800933594,0.473447124252843
-0.7395860646250353,-0.0008833837893640633,-0.5533109150844564
-0.7361219612778455,-0.5477771018159565,-0.08395189297216185
-0.7326578579306556,0.3660196539852064,-0.5680713475065792
-0.7291937545834657,-0.35543132272019795,-4.42475848589333
-0.7257296512362759,0.8420173274652386,-0.08025489304198875
-0.722265547889086,1.413431922695753,-0.03995365999028703
-0.7188014445418962,1.892459173262614,-0.3870844038515486
-0.7153373411947063,0.8663621696848366,-1.4200411127114432
-0.7118732378475164,0.06327192740784657,0.6673538794960416
-0.7084091345003266,1.2273703627784158,0.10210198077967447
-0.7049450311531367,-1.714115462182131,58.30941226030531
-0.7014809278059468,0.6014391496266946,-1.0669299790742655
-0.698016824458757,0.35581491535479787,-0.7269094977917813
-0.6945527211115672,0.19277705777036372,5.217238696857129
-0.6910886177643772,-0.7602623666454953,-0.59849577703806
-0.6876245144171874,-2.340614942003378,-0.027253603120581064
-0.6841604110699976,1.7185694452130864,-62.06756041164086
-0.6806963077228076,2.1058270038949423,-0.11243981165874858
-0.6772322043756178,-1.4900281582486659,-2.352350529651602
-0.673768101028428,1.294851270976616,-1.622732503064469
-0.6703039976812382,0.4974511223874355,-0.5192860365977253
-0.6668398943340482,-0.06606934281201067,-0.571058813456906
-0.6633757909868584,-0.004526705157621198,-0.3931094431197141
-0.6599116876396686,-0.030593236163371784,0.5067308456026735
-0.6564475842924786,1.0302382685092282,0.010579675932879824
-0.6529834809452888,0.8748311709826856,0.016013706789639117
-0.649519377598099,-0.48205135474018523,-0.3870844038515486
-0.646055274250909,1.954472882332458,-5.659423121023068
-0.6425911709037192,-1.7868402255992293,0.6486468806934225
-0.6391270675565294,1.7220155951901444,5.953512856729714
-0.6356629642093395,-0.08836221551293286,1.6078683605226702
-0.6321988608621496,0.9480258612444697,0.3004101493911988
-0.6287347575149598,-1.559797139719503,2.153951070009817
-0.62527065416777,-1.6238502704210687,1.6286233160571075
-0.62180655082058,1.67157045288795,0.6749731765778373
-0.6183424474733902,0.36635827736689264,7.426061176474882
-0.6148783441262003,-0.8271019676024814,0.29274148420782686
-0.6114142407790105,0.06591663197560628,-1.4606331188663098
-0.6079501374318206,2.506894419346672,-0.08395189297216185
-0.6044860340846308,1.020968678110582,1.3840827158952658
-0.6010219307374409,-2.6151961215189066,-0.4518867964328093
-0.597557827390251,0.704191167609593,0.19611853766703602
-0.5940937240430612,0.15813330842009785,0.5040269388460068
-0.5906296206958713,1.189722471247307,-0.6577961241308685
-0.5871655173486814,0.6795562318089294,-1.0328702069480775
-0.5837014140014916,1.2151572331015872,-4.292028854135673
-0.5802373106543017,0.39432326975539445,-0.42860995275700164
-0.5767732073071119,0.2530207432543803,0.11273311145180587
-0.573309103959922,-0.8181426576219509,-0.6147360473958853
-0.5698450006127321,-1.1346544920516206,1.9546936177906764
-0.5663808972655423,1.2113331288998883,-0.3861903613596511
-0.5629167939183524,-0.47430636651951286,2.272142057366793
-0.5594526905711625,1.6032115741266435,-3.5547705806842598
-0.5559885872239727,-0.41601398767458336,-1.1895936095487876
-0.5525244838767829,-0.06080111247487535,-0.12826736172864542
-0.5490603805295929,-0.47252519396656284,0.899463409109275
-0.5455962771824031,-0.7900281927692756,0.11892447846042488
-0.5421321738352133,1.5980984967160188,-1.508498685286097
-0.5386680704880233,0.8774406990754677,0.008485531700799508
-0.5352039671408335,-1.3435292889331343,10.606264540337811
-0.5317398637936437,0.7925097751457798,-0.4330770357065336
-0.5282757604464539,0.06887945939082703,40.3992463432142
-0.5248116570992639,-1.1586427708025109,12.373097417211227
-0.5213475537520741,-1.6914730630031563,-2.3211869112178762
-0.5178834504048843,0.01101997416746777,0.6065511206138755
-0.5144193470576943,1.720069460315274,0.884777535312138
-0.5109552437105045,1.3931751481321717,0.749650714060331
-0.5074911403633147,0.6655401572996267,3.5094876992108865
-0.5040270370161247,-0.0007694862803617233,2.197109754253508
-0.5005629336689349,2.1126058556900604,-1.380729192613608
-0.497098830321745,-1.0337569161075149,-0.825336846174099
-0.4936347269745552,-0.537488377125984,1.0031730554669334
-0.4901706236273653,1.4593204609387758,-0.5693879511939481
-0.4867065202801754,0.3700077031125858,0.27349245048094944
-0.4832424169329856,0.4012409283107775,9.495047997451794
-0.4797783135857957,-0.690888194263667,-0.4091906074517267
-0.4763142102386059,0.716631812520461,0.8965062910868136
-0.472850106891416,-0.1574332462069253,0.02762136890075495
-0.4693860035442261,-2.553026072560273,1.121676688050126
-0.4659219001970363,0.5228654091423977,0.749650714060331
-0.4624577968498464,-0.46781507329316396,-1.63593519659259
-0.4589936935026565,2.197892283300707,-1.0520955564553192
-0.4555295901554667,-0.05837174829949047,-0.2935573392475651
-0.4520654868082768,-0.19508190926351554,0.9934299595037144
-0.448601383461087,2.116883939050391,-2.2039639885561226
-0.4451372801138971,-0.299060983415869,-6.772168524291467
-0.4416731767667072,0.009887408673749225,0.3575765603143106
-0.4382090734195174,0.23171167576036905,-0.4731523449637926
-0.4347449700723275,-0.8741306763761113,0.011658639200756223
-0.4312808667251377,0.037319361737514725,0.7759657959213367
-0.4278167633779478,-0.5358071552752538,0.1071545049659122
-0.424352660030758,0.9624895731425117,-18.33785985314237
-0.4208885566835681,1.390348244854536,1.0697116865187957
-0.4174244533363782,-0.006471703940023876,0.2971404429300494
-0.4139603499891884,0.6161090623075605,0.24215984329054982
-0.4104962466419985,0.05037308114395332,1.26770892480815
-0.4070321432948087,-1.6217382321327578,0.2110452738433233
-0.4035680399476188,0.44818583754748753,-8.952286097341364
-0.4001039366004289,-0.7095248416206962,-0.84753286177477
-0.3966398332532391,-0.05449451057918804,0.17737305754593743
-0.3931757299060492,-1.3156563200344873,-1.2340962284720038
-0.3897116265588594,0.06387017335322762,0.13359916352450832
-0.3862475232116695,0.8568350084715777,1.7304451576995894
-0.3827834198644796,0.7446186450149026,0.5746313854979923
-0.3793193165172898,0.1575101701800592,0.6410968786266787
-0.3758552131700999,2.0080553270266313,-5.389464419280494
-0.37239110982291,1.1806845843638845,0.008700811865064923
-0.3689270064757202,0.005422243101593298,1.5643154014818286
-0.3654629031285303,-0.07858788636160996,0.5770309131031687
-0.3619987997813405,0.8780215475451545,3.442809909744849
-0.3585346964341506,0.06432511903828658,6.743682306432146
-0.3550705930869607,1.5202488625702206,0.31490524669463826
-0.3516064897397709,1.2326794670094694,0.6410968786266787
-0.348142386392581,-0.43502552011093215,1.0064517209544386
-0.3446782830453911,-0.4869421141158935,-1.0623857409646371
-0.3412141796982013,-0.9164750893842195,-0.3861903613596511
-0.3377500763510114,0.9884879725134296,-7.418596809051496
-0.3342859730038215,-0.2188533384842769,-0.513158893184294
-0.3308218696566317,0.593451673490659,0.964967536318253
-0.3273577663094418,-0.3072521846705451,-0.2558673504642834
-0.323893662962252,0.4909363781777668,0.7951689453610914
-0.3204295596150621,0.15726757204676997,-0.5691810660624904
-0.3169654562678722,0.24690639533473363,-3.4015688829566813
-0.3135013529206824,-1.7557827556013978,-0.866154845009448
-0.3100372495734925,-0.8825891476228839,0.539600812054516
-0.3065731462263027,-1.0634885068478377,0.3552497378476259
-0.3031090428791128,0.3754892475279185,-0.395038077104702
-0.299644939531923,-1.6320284405255774,0.5145751212005406
-0.2961808361847331,-0.39060560181781034,-0.20399443471035353
-0.2927167328375432,0.1039652334939119,-0.7327703569349542
-0.2892526294903534,-0.2101726594205147,-1.2635015791316693
-0.2857885261431635,0.6986067389995494,-0.3738546878667148
-0.2823244227959737,0.16242978121745624,0.473447124252843
-0.2788603194487838,-0.21222996179114487,14.891025259541554
-0.2753962161015939,-0.3443640101231067,2.153951070009817
-0.2719321127544041,0.28856218369819325,-2.573652287994972
-0.2684680094072142,0.6103890826052188,-1.0092684448747515
-0.2650039060600244,0.3443347433637513,0.28345245263904917
-0.2615398027128345,-0.8252963605831813,13.074764541919516
-0.2580756993656447,-0.017638611150652402,3.000962894630272
-0.2546115960184548,-0.19480727162698752,1.1573347014461457
-0.2511474926712649,-0.7617836538073899,-0.6309940621389066
-0.247683389324075,1.1806963437687523,-0.3698894121005404
-0.2442192859768852,-0.076395143116607,0.9949795684083074
-0.2407551826296953,0.15294102671223558,-0.17019218611314516
-0.2372910792825054,-0.34618492047750776,1.2403558443483325
-0.2338269759353156,-1.7102281946305684,0.7262914204839089
-0.2303628725881257,0.1786013453127947,0.3668538446576511
-0.2268987692409359,0.6633197069637046,-0.3698894121005404
-0.223434665893746,0.6915821351427994,0.4246237817572462
-0.2199705625465561,-1.0299588318146387,0.8345589710558657
-0.2165064591993663,0.025753804767074638,33.568125892890535
-0.2130423558521764,0.508387597828137,-0.5835283078898764
-0.2095782525049866,-1.644751353544771,-4.685728077465622
-0.2061141491577967,0.41808628850057594,0.26513219217624956
-0.2026500458106068,1.274532935462247,0.23516113640454744
-0.199185942463417,0.6251686536440891,-0.20399443471035353
-0.1957218391162271,0.1684624830888888,-2.1046225105600183
-0.1922577357690373,-0.5866161523858724,0.41577252227343714
-0.1887936324218474,-2.642399296081633,0.5228757360935371
-0.1853295290746575,0.6955171270562931,2.786640598789129
-0.1818654257274677,1.8113982296267221,-4.255488642966782
-0.1784013223802778,-0.6212886347015999,0.4031614247612502
-0.1749372190330879,-1.0575142119988499,8.806267121466101
-0.1714731156858981,-0.45368182865028767,-2.64700848894894
-0.1680090123387082,-0.05956009254203555,0.6168278226243012
-0.1645449089915183,0.1161494521609368,-0.4670891586878116
-0.1610808056443285,-1.2837153516206465,2.197109754253508
-0.1576167022971386,-0.1926116288027028,0.3793530867634197
-0.1541525989499488,0.7618319465546859,-0.09487851184802105
-0.1506884956027589,-2.414529982715876,-0.3362694102974212
-0.1472243922555691,-0.9294505625415448,-0.5432073249861757
-0.1437602889083792,-0.7802597221246309,0.007551335669158507
-0.1402961855611893,-0.6806655155462371,-2.5046139654026867
-0.1368320822139995,-2.1706966032178094,1.9360533565611522
-0.1333679788668096,-0.614545951342793,2.044725338555091
-0.1299038755196198,1.0293121327124872,-0.3738546878667148
-0.1264397721724299,0.38024136123109925,0.10210198077967447
-0.12297566882524,-0.415914944150677,3.1097991001695653
-0.1195115654780502,0.14300633047867414,-0.8060729054566804
-0.1160474621308603,0.6001022146633835,-1.8120841202857767
-0.1125833587836704,0.7927573754772463,-0.542603971918714
-0.1091192554364806,-2.278988945683772,0.3272951759215006
-0.1056551520892907,-1.9184139938221458,-0.26860364370746953
-0.1021910487421009,-0.8327963852243081,2.153951070009817
-0.098726945394911,-1.354459676953004,2.0581254105620017
-0.0952628420477211,-1.6104081684785339,6.743682306432146
-0.0917987387005313,-0.016723403885183105,-1.0623857409646371
-0.0883346353533414,0.7229720308835598,-1.4984656097405487
-0.0848705320061515,0.8620307832398626,10.606264540337811
-0.0814064286589617,0.031044782388462925,-0.3698894121005404
-0.0779423253117718,0.895917954354988,0.2896487587466472
-0.074478221964582,-0.1708284461828211,-0.04522196865312426
-0.0710141186173921,1.2560976901691128,1.3537786652523132
-0.0675500152702023,0.7426798947410704,-0.2676540657777674
-0.0640859119230124,1.7908429086149853,-0.6237599763425035
-0.0606218085758225,0.611507633465739,0.007388648258962084
-0.0571577052286327,0.2706465311428311,-0.6657255419372531
-0.0536936018814428,-2.3761899819579977,1.4330071133822486
-0.0502294985342529,1.362042178855072,-0.7537856022659931
-0.0467653951870631,-1.5174569489057883,24.962736628862856
-0.0433012918398732,-0.22831086740324935,-0.3003082294888557
-0.0398371884926834,0.018813220883096893,-0.34775110077063953
-0.0363730851454935,0.45413595227918485,1.097957117969
-0.0329089817983036,0.6635346997456967,0.473447124252843
-0.0294448784511138,0.4715945056607822,0.2896487587466472
-0.0259807751039239,1.2362112054451677,0.6200408396327063
-0.022516671756734,-0.3679813546834077,1.0527999439455047
-0.0190525684095442,1.6580478070764624,0.032924895870639855
-0.0155884650623543,0.3698862853497132,-0.513158893184294
-0.0121243617151645,-1.5439524650358885,-2.1455029018687113
-0.0086602583679746,-0.7175144458105333,-0.3436735791754307
-0.0051961550207847,-2.651217527116966,-0.7756010666143703
-0.0017320516735949,0.5467158476594507,0.2971404429300494
0.0017320516735949,-1.7715343130942,-0.2509417786292128
0.0051961550207847,-0.04952358885811634,-0.4670891586878116
0.0086602583679746,1.7624533059059626,-1.7509053397751606
0.0121243617151645,1.2514618394211914,-1.4366281020585876
0.0155884650623543,2.005589565500782,0.5067308456026735
0.0190525684095442,-0.45830335954614004,-0.5533109150844564
0.022516671756734,2.2211880119531235,-0.14340737813626664
0.0259807751039239,0.5437964291504452,-0.6237599763425035
0.0294448784511138,-0.5650005010134163,1.3178551345838652
0.0329089817983036,1.3507683178647751,-0.027253603120581064
0.0363730851454935,-1.4963342768811396,0.6673538794960416
0.0398371884926834,0.36631003582854027,-7.418596809051496
0.0433012918398732,0.4002308742808885,-6.306382117705276
0.0467653951870631,-0.7902253217689639,-3.4339323144862735
0.0502294985342529,0.18897201279154985,0.473447124252843
0.0536936018814428,-0.033454485042388855,-0.43147980788657797
0.0571577052286327,2.5361693941764427,-2.5418082962858066
0.0606218085758225,2.087956142209019,-0.27396424676977166
0.0640859119230124,0.17231782135513787,-0.28057914799033207
0.0675500152702023,-1.8107140218382793,-2.4326381336332044
0.0710141186173921,-0.7538454281276438,4.769667280631773
0.074478221964582,-1.5614180045383297,-4.568888334897888
0.0779423253117718,-0.6372286394128481,0.7964192710611407
0.0814064286589617,0.5814891030726931,-0.03995365999028703
0.0848705320061515,-0.19024077338938628,0.35104670681534544
0.0883346353533414,-0.4532887067433777,0.036421508458678795
0.0917987387005313,-1.6041383539352043,-0.8505567372085194
0.0952628420477211,0.2630013240583391,-0.510101758447675
0.098726945394911,-1.092605997218048,3.242540105124113
0.1021910487421009,-0.043006606376721726,-0.8505567372085194
0.1056551520892907,0.9267399988630199,-1.3593144328806201
0.1091192554364806,-0.3561581251587319,0.42843589255366904
0.1125833587836704,-1.9530221851738438,-0.395038077104702
0.1160474621308603,-0.5289427743696083,0.6699787851973955
0.1195115654780502,-2.210176130155345,0.39342704141677964
0.12297566882524,0.5802685497608684,0.009417592216939536
0.1264397721724299,0.4338338527131374,0.12583543243724596
0.1299038755196198,-0.30407696731204437,-1.012462885130095
0.1333679788668096,0.8468867554331263,2.1062365242748604
0.1368320822139995,-0.03689918522980553,2.786640598789129
0.1402961855611893,2.7155165458721258,-0.13797861719985616
0.1437602889083792,0.2415847686516337,-0.422183924936517
0.1472243922555691,0.01892332859110772,-1.2084415079494781
0.1506884956027589,0.7122045025667135,0.3668538446576511
0.1541525989499488,0.13032509679208973,-0.26860364370746953
0.1576167022971386,0.3812407495570779,2.7475109904949138
0.1610808056443285,-0.1923504377531389,-4.5466777177546716
0.1645449089915183,0.36870164612514067,0.11892447846042488
0.1680090123387082,-1.1065168220863837,0.04624362184674442
0.1714731156858981,-0.7372598261543726,0.032924895870639855
0.1749372190330879,0.4511403223135455,-0.8025885863542709
0.1784013223802778,0.597586498982178,-1.5395514015172718
0.1818654257274677,0.2240208978026534,0.6168278226243012
0.1853295290746575,-0.9701912199442536,-0.20928037477144326
0.1887936324218474,-0.9043412318310454,0.30341915660537716
0.1922577357690373,-1.7568905729315927,0.3552497378476259
0.1957218391162271,-0.6843280911383255,0.3146534566564097
0.199185942463417,1.2140768006868359,2.0359524536827185
0.2026500458106068,-0.4503310426140709,0.17039432456891151
0.2061141491577967,-1.7975054377675985,-0.4407120312658857
0.2095782525049866,-0.6615203820270495,0.012068920250178616
0.2130423558521764,-2.2131702764181345,0.27349245048094944
0.2165064591993663,-0.8582687229130319,0.7981035813079389
0.2199705625465561,0.6816634883349156,0.012068920250178616
0.223434665893746,-0.052967737955903205,-1.811115871590996
0.2268987692409359,0.06546941850196654,2.4822992317371266
0.2303628725881257,0.060858934833614146,2.044725338555091
0.2338269759353156,-1.7075842700665913,1.153333973351238
0.2372910792825054,-0.7491398857373222,-0.2509417786292128
0.2407551826296953,0.10235656047335433,-14.023442956796414
0.2442192859768852,-0.811429767016355,0.29274148420782686
0.247683389324075,0.2667615527328066,-0.4670891586878116
0.2511474926712649,-0.4489777953977204,1.8183561069998466
0.2546115960184548,0.8439225460546799,1.0779775559409892
0.2580756993656447,-1.2630844465466242,0.12228238782696756
0.2615398027128345,0.19797535907264302,-0.5080984395756128
0.2650039060600244,-0.020926759491729084,0.3552497378476259
0.2684680094072142,-0.9598233248702499,0.9934299595037144
0.2719321127544041,0.002808374118190616,-3.5547705806842598
0.2753962161015939,-1.9301980196783957,-1.622732503064469
0.2788603194487838,-0.8738532408999243,1.8836462375483225
0.2823244227959737,1.099519493266284,-8.75695083896141
0.2857885261431635,-0.33009632504549397,0.7995937376216251
0.2892526294903534,2.0626165069031246,10.404867189400507
0.2927167328375432,0.7055251182106017,-0.8927850570240136
0.2961808361847331,-0.8817407239422302,7.104306184514189
0.299644939531923,1.6429351744220135,0.26513219217624956
0.3031090428791128,0.11260226625900317,-0.542603971918714
0.3065731462263027,0.1844046921586548,0.2809235291904142
0.3100372495734925,0.6798382794814022,-0.5492762076651178
0.3135013529206824,0.30512999819387876,-2.2342494310154732
0.3169654562678722,-1.0907323772601432,-0.08025489304198875
0.3204295596150621,-2.3483715963675955,0.28278978340439515
0.323893662962252,-0.03586018627690552,-3.6323269104978744
0.3273577663094418,-1.699682390867499,1.8741605680827893
0.3308218696566317,-0.3076138944685641,1.0263986912302565
0.3342859730038215,0.05403597891151689,0.008700811865064923
0.3377500763510114,1.0028557524243968,1.2605933569567784
0.3412141796982013,0.8272578245671905,1.7650256958723338
0.3446782830453911,1.3885980859302838,0.7486966014826507
0.348142386392581,1.7844725838015016,1.3537786652523132
0.3516064897397709,1.1645971419809422,-2.264160862546143
0.3550705930869607,-0.5239284946121342,0.3004101493911988
0.3585346964341506,0.016592329675470453,-0.25947250500288255
0.3619987997813405,-0.15167254522010043,-2.2342494310154732
0.3654629031285303,1.2717960887084048,-1.007165364156693
0.3689270064757202,-0.37086491845327646,-0.5680713475065792
0.37239110982291,-1.8932977024257072,0.34438325525863656
0.3758552131700999,2.0596573505926674,0.014645962346546117
0.3793193165172898,-0.32232308712257357,0.02762136890075495
0.3827834198644796,0.2522308876839087,3.0579719745760734
0.3862475232116695,-0.3790137621111849,-0.20399443471035353
0.3897116265588594,-0.9665596579808639,0.2417059963757783
0.3931757299060492,0.08866195774080135,-0.7756010666143703
0.3966398332532391,0.19026596276374616,-27.91195816002251
0.4001039366004289,-0.10999177977896414,0.473447124252843
0.4035680399476188,-0.42547272051243956,-1.5395514015172718
0.4070321432948087,-0.007865121351226854,-0.027253603120581064
0.4104962466419985,-0.11333240033108836,3.4051326609883024
0.4139603499891884,0.08187556873520906,0.24866355251836622
0.4174244533363782,-0.49277389718664466,-0.4238559071659013
0.4208885566835681,0.03730017534009972,-0.2875213880945385
0.424352660030758,0.6173836308813956,0.6699787851973955
0.4278167633779478,-1.4965686171482864,-10.405485594603928
0.4312808667251377,-1.7520956692382417,0.00808542389231292
0.4347449700723275,0.5997498140409554,-0.17852830967093916
0.4382090734195174,0.4522081390149271,-1.8147947702661194
0.4416731767667072,0.15872723043146175,0.38415165144175906
0.4451372801138971,-0.05229289055199645,0.9683873739698384
0.448601383461087,0.6509551972047526,-14.249717259375169
0.4520654868082768,0.33367817058511645,0.8892012235047796
0.4555295901554667,-1.054206809433942,0.5943291821138885
0.4589936935026565,0.28983308964556664,-7.418596809051496
0.4624577968498464,-0.6869670389390297,-1.611765412456723
0.4659219001970363,-0.6656822787368397,-2.7644570245356435
0.4693860035442261,-1.2147121049511058,-1.0637794482736718
0.472850106891416,-0.2066250580817825,2.876929383551058
0.4763142102386059,-0.4317618655843192,0.37109762102904864
0.4797783135857957,0.3921982342301241,-0.09487851184802105
0.4832424169329856,2.1377039696070206,1.017049298587317
0.4867065202801754,-0.16529801587818513,-1.63593519659259
0.4901706236273653,0.7828758381971945,-0.451356238583373
0.4936347269745552,0.134223216570207,-0.04522196865312426
0.497098830321745,-2.5158693290637406,1.8089973873464298
0.5005629336689349,1.1798283012972821,-0.4619973605444947
0.5040270370161247,-0.6148829638471002,-7.770325321431382
0.5074911403633147,-1.0719418741568072,-0.7177133817475019
0.5109552437105045,-1.1417851085965172,-0.4535173872554158
0.5144193470576943,-0.30354842996566744,-0.03240367609654494
0.5178834504048843,0.5095127787208187,0.13359916352450832
0.5213475537520741,-0.019187741056297957,0.22304955863532322
0.5248116570992639,0.18360724002959622,2.1297947018557144
0.5282757604464539,0.15714130469515666,0.01969158887346139
0.5317398637936437,1.8147933402257683,0.24215984329054982
0.5352039671408335,0.11336975606881079,2.3707311508731346
0.5386680704880233,1.4535775219946303,-0.3404989677131352
0.5421321738352133,-0.5499325829236905,-47.08058689568526
0.5455962771824031,0.6524201630064923,-0.17994768988241008
0.5490603805295929,0.5750409220119884,0.12583543243724596
0.5525244838767829,0.32695352905295433,0.8239581752195451
0.5559885872239727,-1.4160177875085338,-2.6699121955828167
0.5594526905711625,-0.26646971228239796,0.46007903928267957
0.5629167939183524,-0.7415431151921276,-0.19364365011319334
0.5663808972655423,1.020076930306733,0.13359916352450832
0.5698450006127321,-0.5265759885412494,0.11892447846042488
0.573309103959922,1.6041879184277994,2.228317912034545
0.5767732073071119,-0.5618379248031891,-2.3283813495206824
0.5802373106543017,0.17956577759964754,3.744690377111961
0.5837014140014916,-1.6887847884414438,-0.17019218611314516
0.5871655173486814,0.49530545067510995,7.3372417325505745
0.5906296206958713,0.3035433687585087,-0.7808662544201017
0.5940937240430612,-0.18222907474455025,-4.221150635718089
0.597557827390251,0.365081012693023,1.017049298587317
0.6010219307374409,0.5641581566144245,-0.7147659326744127
0.6044860340846308,-0.8427236290304152,-0.59849577703806
0.6079501374318206,-1.8768408095550237,-7.418596809051496
0.6114142407790105,-0.031924431316232314,0.3884254925952079
0.6148783441262003,0.029310113321954802,-0.6303150924122416
0.6183424474733902,0.03836941639621654,-0.84753286177477
0.62180655082058,0.27299327426527303,2.9540908892040894
0.62527065416777,0.31482341043096024,-0.33764682331688345
0.6287347575149598,1.1561253767566424,0.014046116895902686
0.6321988608621496,-0.7080447590064988,-1.4984656097405487
0.6356629642093395,0.22291289394981492,-1.1012216506270671
0.6391270675565294,0.12776106326781378,5.217238696857129
0.6425911709037192,0.5063102357949868,0.48061487615065707
0.646055274250909,-1.4640666649263332,0.16394395872980674
0.649519377598099,0.9541345117451745,-0.0901834415643131
0.6529834809452888,0.261890208668668,0.5186575627463303
0.6564475842924786,-0.10787286558773468,-0.6442674504618346
0.6599116876396686,-0.12926413021958866,0.43307776618665095
0.6633757909868584,-1.5471173558225597,-1.2874275435298514
0.6668398943340482,0.12836009769528098,-0.8679888189307928
0.6703039976812382,-1.9825638789060789,-1.8308137805481346
0.673768101028428,1.0457733749520939,-27.91195816002251
0.6772322043756178,-1.166239354825061,0.19611853766703602
0.6806963077228076,-0.0865898095242456,-1.0520955564553192
0.6841604110699976,1.9233399724034714,-0.4848593346247638
0.6876245144171874,-1.1750024514625177,0.28278978340439515
0.6910886177643772,-0.3419391987958934,0.7995937376216251
0.6945527211115672,-0.6174517282638881,-0.25947250500288255
0.698016824458757,0.12235501813174846,2.3013860478899213
0.7014809278059468,-1.146904409080806,-3.2195577820688204
0.7049450311531367,0.24118011625400948,1.0064517209544386
0.7084091345003266,-1.0067633929965212,-27.913748060073992
0.7118732378475164,0.3351928870629632,0.02556256577584451
0.7153373411947063,-1.2882867927083126,0.4488741693596328
0.7188014445418962,0.33037585500140615,1.7766020251185588
0.722265547889086,0.04227537012537692,0.43307776618665095
0.7257296512362759,0.10964903628164036,-0.03240367609654494
0.7291937545834657,-0.9928281590967419,-2.293125264227635
0.7326578579306556,-1.7351205232015026,-0.5680713475065792
0.7361219612778455,-1.1636482755174196,0.5770309131031687
0.7395860646250353,2.512521705773301,-3.7751317023333693
0.7430501679722252,0.21855123996671816,0.12583543243724596
0.7465142713194151,1.5759250832902085,2.228317912034545
0.7499783746666049,0.1578201877708135,-0.26860364370746953
0.7534424780137948,-0.06384602681001313,1.1814677750790314
0.7569065813609847,0.014266833177827882,-0.25947250500288255
0.7603706847081745,1.0438896658148142,0.31490524669463826
0.7638347880553643,-0.7778175981047423,1.5322885657582204
0.7672988914025543,-1.6960546017484976,-4.918727181802038
0.7707629947497441,1.2699924740900725,6.040915224840545
0.7742270980969339,2.0605757117864782,-0.41445526250304304
0.7776912014441238,-0.5236649126814074,-0.0785258663801337
0.7811553047913137,-0.010915580495869498,0.02556256577584451
0.7846194081385035,0.012580049560989163,-0.4914729112549461
0.7880835114856933,-1.7395564047185668,0.9290352368686523
0.7915476148328833,0.03424244181234522,0.3575765603143106
0.7950117181800731,0.32926624874949006,-0.3191030665135164
0.7984758215272629,-0.43791962241018,-48.40531951099352
0.8019399248744529,1.0866400623139594,-3.2760335064277566
0.8054040282216427,0.8911127664813175,-1.2874275435298514
0.8088681315688325,0.04619006498389395,0.12960113089804867
0.8123322349160224,0.0332037311217129,-0.9069031141600707
0.8157963382632123,-0.19755608126494512,-1.0826936691686502
0.8192604416104021,-0.35668750185700493,-1.5669059774583278
0.822724544957592,-1.5482447919435713,-0.727537249616891
0.8261886483047819,1.1053005760911052,-2.6313255686557135
0.8296527516519717,-2.4726047659401003,0.9355794434530805
0.8331168549991615,0.19205289208375115,-0.25035489565832536
0.8365809583463515,-0.4435853240231494,-0.23545929925037704
0.8400450616935413,0.003448655484863456,-0.8368634764061532
0.8435091650407311,1.3580420651039538,-1.0291894443566367
0.846973268387921,1.8184488279573887,10.404867189400507
0.8504373717351109,-0.08600902040267239,-1.7165203207692892
0.8539014750823007,1.265173907455854,1.2145191134895679
0.8573655784294906,0.32528662705429456,0.16394395872980674
0.8608296817766805,-0.1938369469202482,-0.1644403810192295
0.8642937851238703,0.6147776975886601,-0.1644403810192295
0.8677578884710602,-0.1045169501788113,-1.2340962284720038
0.87122199181825,0.0373814059515157,-0.6672243020612528
0.8746860951654399,-1.9712837863638162,0.12960113089804867
0.8781501985126298,1.3450311780791946,0.17921767753715376
0.8816143018598196,-0.31878013189333554,1.5743099435109233
0.8850784052070095,-0.30757154535009895,-0.4670891586878116
0.8885425085541994,-0.1185513123855178,0.5067308456026735
0.8920066119013892,-0.06832690267576602,-0.9500555856886574
0.895470715248579,-0.9671362842561567,-0.2935573392475651
0.898934818595769,-0.25642786726822137,4.404106748831087
0.9023989219429588,-2.030661218298083,0.014046116895902686
0.9058630252901486,-0.5082077727036883,5.953512856729714
0.9093271286373386,-1.715082607525623,1.2145191134895679
0.9127912319845284,2.69967283771494,-0.6685836170029346
0.9162553353317182,1.3979944778135696,0.9187503985539642
0.9197194386789082,1.494930668890071,-0.8025885863542709
0.923183542026098,1.524043504672487,-1.0291308166972424
0.9266476453732878,-0.04602023577749753,5.11849245618141
0.9301117487204776,0.12884376786749932,0.539600812054516
0.9335758520676676,-1.9650511915662443,-5.389464419280494
0.9370399554148574,0.8377235338113111,-0.3436735791754307
0.9405040587620472,1.7753550432708356,-0.7859775388069085
0.9439681621092372,0.2141773602721443,2.1297947018557144
0.947432265456427,1.647250842095089,-16.65271294442259
0.9508963688036168,-0.36963333487055594,0.19611853766703602
0.9543604721508068,0.4884000008745993,-4.809371081973395
0.9578245754979966,-0.0035533197838613266,-9.23816614266272
0.9612886788451864,-0.7576569674857851,0.06331957774904089
0.9647527821923764,0.18734183879713265,-6.306382117705276
0.9682168855395662,-1.3979596316532377,0.8210588160684401
0.971680988886756,-0.1443320059178035,-2.3628408687279543
0.975145092233946,1.3142848617645841,1.8183561069998466
0.9786091955811356,-0.09782698490180934,-0.2616280233314724
0.9820732989283256,2.9181627581929113,-47.08058689568526
0.9855374022755156,-1.9312723646723138,-0.10008929402654572
0.9890015056227052,0.8139744279597034,0.6699787851973955
0.9924656089698952,1.264635196147083,-6.48905275438138
0.995929712317085,-0.32213748861359787,1.3537786652523132
0.9993938156642748,-0.6567158724175389,-0.6577961241308685
1.0028579190114648,-0.7747179563302269,3.442809909744849
1.0063220223586546,0.12216479046988346,0.20085384444331916
1.0097861257058445,-0.15252438565645796,-37.49967788150429
1.0132502290530343,-0.052562339467703965,0.3552497378476259
1.016714332400224,-1.2196677996417944,-0.08593113299504856
1.0201784357474142,-1.4497623535841027,-0.4238559071659013
1.023642539094604,-0.4010632905882429,-3.364600953918693
1.0271066424417938,-0.46029237767250103,-0.16259982052758926
1.0305707457889837,0.5411590667922133,-0.6852585151324805
1.0340348491361735,-0.700851886290052,-0.5560139174318562
1.037498952483363,-0.3854808328287341,-3.4015688829566813
1.0409630558305532,-0.09500638100255683,-0.9444413903564998
1.0444271591777432,0.3343822511743027,1.0826942097712324
1.047891262524933,0.08044205743387088,-1.622732503064469
1.0513553658721229,-0.6031875362466983,10.044554703119445
1.054819469219313,-0.9927706168611009,-1.012462885130095
1.0582835725665023,0.03765788337957663,-0.6962972620842272
1.0617476759136923,-2.2715064372145677,-0.8025885863542709
1.0652117792608822,0.7695623012261145,-0.15565592540399367
1.0686758826080722,0.1458217202222001,-0.6852585151324805
1.072139985955262,-1.6408998983408356,-0.818760584194584
1.075604089302452,1.8764542671495943,0.00996486849871357
1.0790681926496417,0.5044936239396967,-6.772168524291467
1.0825322959968315,0.04972765344796916,0.012509131096865723
1.0859963993440214,-0.36611506845672787,0.9047950625856864
1.0894605026912112,0.18270704783696035,-1.5298174508582987
1.0929246060384012,-0.021102463822276523,19.98577620358147
1.096388709385591,0.3358989430965149,1.2125212935591243
1.099852812732781,0.011706614889450228,-0.3820503359067534
1.1033169160799707,-0.04048302283126434,-0.17994768988241008
1.1067810194271606,0.2507008509143561,0.012068920250178616
1.1102451227743504,-0.08328702763392538,-1.2299947036408652
1.1137092261215402,-0.3244105976832121,0.009417592216939536
1.1171733294687305,0.4706729311905146,0.3917222806253488
1.12063743281592,0.04158136175896083,-21.080837709698837
1.12410153616311,-1.0529374550158328,-0.481498274433634
1.1275656395102998,0.20042031484539696,2.786640598789129
1.1310297428574896,0.15091485666653134,-0.8038821109564057
1.1344938462046794,0.2088121551167889,4.3479758866602705
1.1379579495518692,-0.4432490406528138,-6.459807280317044
1.1414220528990593,-0.3014526530605831,-8.205276550566019
1.1448861562462491,-1.044494236234351,-0.7808662544201017
1.148350259593439,-0.10917118188545862,0.28345245263904917
1.1518143629406288,-0.46078393266557505,-1.898263426980421
1.1552784662878186,2.445167819495592,1.5322885657582204
1.1587425696350084,-0.5487495545764969,-0.47593470505420143
1.1622066729821985,-0.6610071225808678,-2.293125264227635
1.1656707763293883,0.3428400272003106,0.7051882521299078
1.169134879676578,0.599642817869777,-0.21654179444040345
1.172598983023768,0.9938237749174658,-0.3404989677131352
1.1760630863709578,-0.6089873561189285,-1.2146547787930972
1.1795271897181476,-2.3165700451517646,1.2605933569567784
1.1829912930653377,0.9165205503786497,-1.2146547787930972
1.1864553964125275,-0.6425408212675258,-1.1251682293510623
1.1899194997597171,0.9430382542250713,-4.793205176068472
1.1933836031069072,-1.0050808654872838,-0.568915708081017
1.196847706454097,0.8350094767332312,0.917279976561137
1.2003118098012868,0.5235731014882338,-3.6323269104978744
1.2037759131484769,1.2603526531999025,-0.27396424676977166
1.2072400164956665,-0.0668808519657769,0.5255516255981657
1.2107041198428563,-0.7092079905185338,-0.41445526250304304
1.2141682231900464,-0.10658301911370442,1.3123362014940358
1.2176323265372362,0.5581613010038277,-2.0951651391804225
1.221096429884426,-0.41262560884732125,12.373097417211227
1.2245605332316158,0.11922761839649973,1.4622272781076149
1.2280246365788057,0.06278239872894932,-1.0669299790742655
1.2314887399259955,0.9362425560438882,2.3707311508731346
1.2349528432731856,1.6575303084792827,0.6894864997098533
1.2384169466203754,-0.3889689249657627,-0.03578477393482581
1.2418810499675652,1.062512747888651,1.7176648398519447
1.245345153314755,-0.6175798523636391,-0.14928082375413196
1.2488092566619449,-0.34878664853245445,0.6682387356762745
1.2522733600091347,-0.5950391080255869,1.410678721385862
1.2557374633563243,0.8324491312703237,-0.661058326855038
1.2592015667035146,-0.5718665097530443,0.7286653213522046
1.2626656700507044,1.8704220146281678,-0.12826736172864542
1.2661297733978942,-0.3464169970380213,-0.4062959467977615
1.269593876745084,2.645096736026936,3.8614011598986115
1.273057980092274,-1.5602700339698847,0.3122175048324524
1.2765220834394635,0.7310570329274453,0.6894864997098533
1.2799861867866535,0.7485997080214374,0.2901350945543975
1.2834502901338436,-1.0598312217161938,5.93698673257298
1.2869143934810334,1.3170360622837045,-1.4897825275852465
1.2903784968282233,-0.3839511182346582,0.007551335669158507
1.293842600175413,-1.272279207451861,0.2647869985043673
1.297306703522603,1.0764238864541602,-0.2716765711525862
1.3007708068697927,0.5636481697928131,0.3203447347516328
1.3042349102169826,0.2425421045997167,4.592629321270744
1.3076990135641726,-0.09550128492491924,0.6200408396327063
1.3111631169113624,-0.09217072811726275,1.4622272781076149
1.3146272202585525,-0.5960739695671126,-6.459807280317044
1.318091323605742,0.1396903563504496,-0.37386614215411373
1.321555426952932,-0.8837268848808187,-1.898263426980421
1.3250195303001218,-2.040847491186746,-4.437314291137328
1.3284836336473116,2.1325552324582047,-0.03240367609654494
1.3319477369945016,1.8570141395907875,0.02556256577584451
1.3354118403416917,0.5469612436323981,-0.3861903613596511
1.3388759436888813,-2.2193096098937617,-9.23816614266272
1.3423400470360711,-1.8680739994212927,8.394118504775793
1.345804150383261,0.38873779831420513,1.0064517209544386
1.3492682537304508,0.08502029811973577,-0.41715476356129755
1.3527323570776408,1.9650831551038976,2.3707311508731346
1.3561964604248309,-0.28438534788115627,-0.42860995275700164
1.3596605637720205,0.5030967134680713,-8.75695083896141
1.3631246671192103,1.5958590719402321,0.8306808201460762
1.3665887704664,0.6333294856210196,-1.043746344988845
1.37005287381359,0.2413990768813365,3.0579719745760734
1.3735169771607798,-0.22657150135743703,-0.4670891586878116
1.37698108050797,-0.31273079559338823,-0.34775110077063953
1.3804451838551597,0.30530239598664805,0.7051882521299078
1.3839092872023495,-0.045522864669254655,-0.59849577703806
1.3873733905495391,0.3989171359518354,-0.5306036492065215
1.3908374938967292,-1.5166180548365764,-1.7578722557947404
1.394301597243919,-0.0811393296074226,0.022246246326312284
1.3977657005911088,-0.8149250572317767,0.09975027983344366
1.4012298039382989,-2.67856210280037,-0.49625970090507343
1.4046939072854887,-0.3705595130588074,1.8183561069998466
1.4081580106326783,0.39869596248768896,-1.7884947337224004
1.4116221139798684,-0.8864983654983113,0.6682387356762745
1.4150862173270582,0.03310947783843279,0.17921767753715376
1.418550320674248,0.06702772193037096,0.10987304285419412
1.422014424021438,1.3187212265448618,0.48061487615065707
1.425478527368628,-0.23517869049950582,-1.0623857409646371
1.4289426307158175,1.6867037471643596,-2.148569347868251
1.4324067340630076,-0.16146515359052493,-0.23545929925037704
1.4358708374101974,0.3580175866914371,-0.12390693290106314
1.4393349407573872,0.0029064172024623977,3.7091334285470245
1.442799044104577,-0.18358781590059378,0.10210198077967447
1.4462631474517669,-1.3546511933167726,0.539600812054516
1.449727250798957,0.5307733164142091,0.18316379309145314
1.4531913541461468,0.7348226114104722,-2.0658325553580736
1.4566554574933366,-0.17151627386708318,-0.07481895984797846
1.4601195608405264,1.0351422455577464,-0.17994768988241008
1.4635836641877162,-1.5007569831169036,-0.03240367609654494
1.467047767534906,-0.9840221113813779,0.34880007704907523
1.470511870882096,0.18335044074046558,0.00996486849871357
1.473975974229286,1.8211640211279363,0.28278978340439515
1.4774400775764758,-1.0625049051201731,0.02556256577584451
1.4809041809236656,0.03147897319023795,-1.763692145197503
1.4843682842708554,0.7106193398775889,-0.41445526250304304
1.4878323876180453,0.2981627161369181,0.6065511206138755
1.491296490965235,0.029092890746538157,0.8345589710558657
1.4947605943124251,-1.7181902358606187,-0.09247141912406419
1.498224697659615,-0.6540965518859533,0.8965062910868136
1.5016888010068048,1.42918830434239,0.14193751305755078
1.5051529043539946,-1.0931788845621615,0.11574605856606242
1.5086170077011845,-0.1889703930967365,-0.5693879511939481
1.5120811110483745,0.8517376837460607,-1.6761456142505928
1.515545214395564,0.4700363209286055,1.6335149096423558
1.5190093177427542,-0.0855468766392197,-0.28893990516468765
1.522473421089944,0.9034327142849835,-0.28057914799033207
1.5259375244371338,2.4844639607609715,-0.9779606887222663
1.5294016277843236,-0.03969430335326095,-1.8994508799891663
1.5328657311315137,-0.7546465937529758,-0.8060729054566804
1.5363298344787033,-0.6411435038374046,0.3122175048324524
1.5397939378258931,1.7525523702709462,0.27707072065920485
1.5432580411730832,-0.10564799805647251,2.535144755779232
1.546722144520273,-0.8691618233607268,-0.422183924936517
1.5501862478674628,-0.33205750890640534,0.007551335669158507
1.553650351214653,0.7925273506658158,0.6668181223135711
1.5571144545618425,0.22482632801388977,-4.223685663334831
1.5605785579090323,-0.05202091510229437,-2.2039639885561226
1.5640426612562222,-0.5669019891499798,0.6362032166529897
1.5675067646034122,-1.2120091459703382,-0.665909798903027
1.570970867950602,-0.6389067582050469,0.43307776618665095
1.574434971297792,-0.6550524804359052,-0.568915708081017
1.5778990746449817,-2.07466118085848,-0.14340737813626664
1.5813631779921715,0.0624377981443569,-4.354325381486463
1.5848272813393611,-1.371775879644102,1.7766020251185588
1.5882913846865512,0.4586047889561049,0.6673538794960416
1.5917554880337412,0.12705703354844006,0.04624362184674442
1.595219591380931,0.4740534336752242,1.1814677750790314
1.5986836947281209,-1.0071644675507039,-2.264160862546143
1.6021477980753107,1.1947910206158519,0.6087902507326329
1.6056119014225003,1.7543313554219824,-0.25035489565832536
1.6090760047696904,-0.5078800863315769,-2.1455029018687113
1.6125401081168802,0.6358116187480223,-1.195158156461399
1.6160042114640705,-1.0087811101751356,0.24893918881522073
1.61946831481126,-0.23043387661434186,0.6589132560616714
1.62293241815845,-1.2692088836456445,-18.33785985314237
1.6263965215056395,0.08601445533338377,-0.29481588110232254
1.6298606248528296,-0.8029530758985951,0.018622336768683866
1.6333247282000194,-1.8980361151928637,0.43307776618665095
1.6367888315472092,2.111638379692791,1.1013163349480013
1.6402529348943993,0.011676288003212992,-0.25283137803274075
1.643717038241589,0.14728855125037862,-0.10590569543981872
1.647181141588779,-0.2654726385328634,-0.3003082294888557
1.6506452449359688,0.10415133222270528,-0.5908624810943506
1.6541093482831586,0.9031677588693331,-0.26860364370746953
1.6575734516303484,0.717370391320465,0.7262914204839089
1.6610375549775385,-1.3154114158030557,0.31490524669463826
1.6645016583247283,-0.5490743074561186,26.737005442566858
1.667965761671918,-0.5559628684790541,-2.73446963677073
1.671429865019108,-0.8497618999099819,2.0811247772691344
1.6748939683662978,-0.1657024817531651,14.321220499718164
1.6783580717134876,0.12287618783369154,-0.9359147555442056
1.6818221750606774,0.3400168204623454,7.3372417325505745
1.6852862784078677,-0.5708520724410248,-0.9373003655119797
1.688750381755057,0.9485303371697844,-0.6303150924122416
1.6922144851022471,-0.8363320575921324,0.13359916352450832
1.695678588449437,0.5393200128715415,-2.6495896665800327
1.6991426917966268,1.1895994171721485,-3.5343199298965207
1.7026067951438166,0.6547807766309987,-0.8776305405844665
1.7060708984910065,-0.7931062318303083,1.2605933569567784
1.7095350018381965,0.23757289549564853,0.00968350400839687
1.7129991051853863,1.3688619554139216,0.3289063874170064
1.7164632085325762,-0.4122837552325751,-0.2716765711525862
1.719927311879766,0.02315531542349101,1.6651568505701615
1.7233914152269558,-0.5383163850554331,0.2971404429300494
1.7268555185741457,-1.126274199227546,-0.7710107835466231
1.7303196219213357,0.017880997665523476,1.5572582062155609
