customer_id,age,gender,tenure_months,monthly_spend,num_logins,num_transactions,is_premium_member,last_login_days_ago,churn
1,56,Male,17,366.28,20,8,0,48,0
2,69,Male,50,87.81,12,14,0,21,0
3,46,Male,40,121.75,22,12,1,12,0
4,32,Female,45,412.99,24,8,0,54,1
5,60,Male,32,174.81,13,6,0,16,0
6,25,Male,29,30.99,25,7,0,8,0
7,38,Male,51,93.82,30,16,0,23,0
8,56,Female,58,127.33,23,9,0,43,0
9,36,Female,3,479.51,27,9,1,13,0
10,40,Male,56,295.06,24,8,0,45,0
11,28,Male,40,467.71,17,9,0,7,0
12,28,Male,34,296.08,21,9,0,54,0
13,41,Male,40,250.09,18,11,0,36,0
14,53,Female,27,170.59,15,21,0,18,0
15,57,Female,13,311.06,18,9,0,27,0
16,41,Female,45,86.82,23,13,0,45,0
17,20,Female,33,451.17,22,9,0,40,0
18,39,Male,6,418.08,21,7,1,29,0
19,19,Male,24,172.42,21,8,0,6,0
20,41,Male,19,477.34,22,7,0,58,0
21,61,Female,16,416.1,25,3,1,57,0
22,47,Male,40,339.83,17,9,1,25,0
23,55,Female,28,78.45,15,11,0,39,1
24,19,Female,33,249.55,21,10,0,45,0
25,38,Male,59,262.93,11,8,1,53,0
26,50,Male,59,131.62,16,10,0,59,1
27,29,Male,48,58.38,22,7,0,45,0
28,39,Female,41,392.83,21,16,0,10,0
29,61,Male,13,78.58,16,8,0,13,0
30,42,Female,43,305.26,25,12,0,20,1
31,66,Male,45,469.5,20,11,1,7,0
32,44,Female,25,440.53,15,13,0,2,0
33,59,Female,53,153.32,18,8,0,27,0
34,45,Male,42,428.7,20,6,0,28,0
35,33,Female,36,20.16,23,10,0,22,1
36,32,Female,27,28.49,28,8,1,17,0
37,64,Male,38,309.23,16,14,0,34,0
38,68,Female,7,195.1,19,9,1,12,0
39,61,Male,5,205.5,24,12,0,11,1
40,69,Female,43,290.93,24,16,0,46,0
41,20,Male,45,112.06,15,10,1,49,1
42,54,Male,58,121.64,21,5,0,4,0
43,68,Female,57,252.61,20,7,0,38,0
44,24,Female,51,382.04,22,8,1,10,0
45,38,Female,31,317.36,18,10,0,57,1
46,26,Female,23,162.73,13,11,1,58,1
47,56,Female,42,226.56,20,6,1,10,0
48,35,Male,10,101.92,30,7,0,58,0
49,21,Female,32,55.82,16,4,0,46,1
50,42,Male,43,395.69,28,13,0,41,0
51,31,Male,53,147.39,16,10,0,46,0
52,67,Female,30,105.33,23,7,1,30,0
53,26,Male,39,351.98,23,12,1,30,0
54,43,Male,31,316.66,18,11,0,12,0
55,19,Male,18,323.93,24,4,0,13,0
56,37,Male,36,129.87,16,10,0,48,0
57,45,Female,2,131.67,21,11,0,44,0
58,64,Male,14,125.99,24,11,1,41,0
59,24,Female,13,103.4,21,7,0,24,0
60,61,Female,29,334.75,15,15,1,32,0
61,25,Male,12,427.05,24,10,0,32,0
62,64,Female,39,367.67,16,12,1,14,0
63,52,Female,2,400.2,27,13,0,15,1
64,31,Female,32,214.3,27,9,0,43,0
65,34,Male,13,333.96,20,9,0,57,1
66,53,Female,46,190.03,20,4,1,55,0
67,67,Female,27,272.24,13,14,0,37,0
68,57,Female,49,251.18,11,12,0,5,0
69,21,Male,41,104.91,17,7,0,43,0
70,19,Female,17,205.8,21,13,0,24,0
71,23,Male,40,482.63,24,16,0,14,0
72,59,Male,31,139.32,31,11,1,3,0
73,21,Male,34,84.23,22,16,0,55,0
74,46,Male,24,220.92,19,12,0,3,0
75,35,Male,45,399.36,21,17,0,29,0
76,43,Male,35,299.43,18,14,0,33,1
77,61,Female,48,346.87,14,3,0,26,0
78,51,Male,6,111.05,19,4,0,30,1
79,27,Female,19,317.1,21,5,0,55,0
80,53,Female,30,175.28,16,5,0,31,0
81,31,Male,7,420.47,21,6,1,43,0
82,48,Female,10,322.06,22,13,0,38,0
83,65,Female,41,115.45,17,15,1,51,0
84,32,Female,32,51.02,19,7,0,8,0
85,25,Female,34,40.46,25,8,0,40,1
86,31,Male,28,198.28,23,13,0,7,0
87,40,Female,15,147.61,18,12,0,13,0
88,57,Male,30,330.12,20,12,1,32,0
89,38,Female,37,259.68,9,6,1,22,0
90,33,Female,29,147.69,28,7,0,20,0
91,62,Male,22,91.63,21,14,0,54,0
92,35,Female,4,81.06,21,12,0,11,1
93,64,Female,20,435.04,18,14,0,56,0
94,41,Female,32,136.87,16,12,0,1,0
95,43,Male,36,332.82,26,6,1,12,0
96,42,Female,50,409.13,15,11,1,58,0
97,62,Male,4,314.76,23,6,1,3,0
98,58,Female,27,432.59,19,10,1,19,0
99,46,Male,17,208.35,21,8,0,49,0
100,32,Male,12,478.99,25,6,0,50,0
101,62,Female,22,83.91,17,8,0,47,0
102,18,Female,17,69.03,19,7,0,58,1
103,42,Male,10,336.17,24,13,0,13,0
104,24,Male,54,472.56,14,12,1,29,0
105,26,Female,1,408.26,19,10,1,28,0
106,41,Male,22,56.68,20,10,1,7,0
107,18,Female,26,154.1,22,13,1,11,0
108,61,Female,56,466.55,18,9,1,40,0
109,25,Female,59,141.47,22,9,0,37,0
110,41,Female,18,394.96,21,13,1,25,0
111,28,Male,50,416.06,23,12,0,49,0
112,68,Female,14,257.82,15,4,0,1,0
113,34,Male,47,205.45,13,7,1,54,1
114,25,Female,29,236.06,14,14,1,39,0
115,52,Male,12,128.94,25,12,0,55,0
116,52,Female,36,446.91,7,14,0,13,0
117,50,Male,59,236.3,14,9,0,5,0
118,22,Male,35,443.58,22,12,0,41,0
119,59,Female,52,70.73,14,8,1,39,1
120,56,Female,12,494.37,22,5,0,30,0
121,58,Female,7,232.77,21,7,0,16,1
122,45,Female,29,42.96,20,13,0,24,0
123,24,Male,11,38.25,18,9,0,31,1
124,26,Female,33,378.18,14,14,0,11,0
125,25,Male,6,336.34,21,5,1,48,1
126,29,Male,47,405.02,13,10,0,12,0
127,51,Female,15,70.58,20,9,0,18,0
128,50,Male,32,37.07,20,11,0,43,1
129,65,Male,51,264.12,19,7,0,47,0
130,40,Male,11,206.05,20,12,1,24,0
131,41,Male,58,241.73,31,10,0,30,0
132,54,Female,23,495.96,30,9,1,58,0
133,52,Female,26,485.96,22,9,0,36,0
134,61,Female,34,472.31,17,16,0,24,0
135,57,Female,46,396.24,20,11,0,15,0
136,39,Male,34,190.32,22,9,0,56,0
137,44,Male,29,217.82,15,8,1,37,0
138,52,Female,4,283.82,15,6,0,42,0
139,18,Female,17,418.66,29,11,0,48,1
140,52,Female,35,52.98,26,15,0,57,1
141,54,Male,13,223.66,16,9,0,22,0
142,64,Female,41,59.66,12,10,1,13,0
143,31,Female,39,267.04,22,8,0,5,0
144,20,Female,15,451.47,16,5,0,24,0
145,18,Male,55,395.59,23,10,1,22,0
146,22,Male,29,129.36,18,8,0,59,0
147,43,Male,29,488.48,27,5,0,42,0
148,31,Male,11,340.33,13,10,0,11,0
149,56,Male,52,25.01,15,12,1,12,0
150,44,Male,32,142.6,16,15,1,35,0
151,26,Male,2,145.14,12,6,0,38,1
152,32,Male,47,53.24,20,11,0,33,0
153,32,Female,14,480.72,22,11,1,5,0
154,43,Female,20,249.56,23,9,0,37,1
155,59,Male,22,449.99,21,6,0,49,0
156,30,Male,11,174.66,28,9,0,51,0
157,68,Female,27,80.11,19,14,1,39,0
158,49,Male,3,247.68,19,9,0,7,0
159,56,Male,17,74.7,21,13,0,7,0
160,66,Male,44,253.29,23,4,0,39,0
161,69,Female,56,461.74,21,9,0,32,0
162,49,Female,28,269.97,22,10,1,33,0
163,21,Female,29,315.92,20,7,0,43,0
164,47,Female,21,95.19,14,13,0,14,0
165,54,Female,47,40.99,21,7,0,35,0
166,40,Male,16,73.19,29,4,0,59,1
167,56,Female,37,307.3,24,10,1,56,0
168,62,Male,59,65.61,18,17,0,34,0
169,32,Male,20,200.48,22,9,1,45,0
170,60,Female,6,284.04,29,13,0,21,0
171,46,Female,19,206.55,29,12,0,22,0
172,53,Male,57,98.57,23,12,0,39,0
173,30,Male,5,151.42,23,10,0,44,0
174,49,Male,3,465.59,22,8,0,54,1
175,24,Female,59,344.47,23,12,1,50,0
176,68,Female,1,258.1,26,7,0,21,0
177,39,Female,58,26.1,25,10,0,4,0
178,45,Female,38,496.36,16,11,1,30,0
179,19,Female,15,342.3,22,11,1,12,0
180,59,Male,34,172.12,16,14,0,27,0
181,62,Female,35,442.05,25,9,0,57,1
182,23,Male,49,144.05,27,10,0,19,0
183,45,Male,25,281.13,18,10,1,32,0
184,45,Male,24,325.31,18,9,1,15,0
185,61,Female,12,126.11,16,12,1,28,0
186,61,Female,18,489.63,21,12,1,22,0
187,37,Female,15,379.13,18,13,0,23,0
188,47,Male,44,287.75,18,4,1,33,0
189,28,Male,16,106.69,17,8,0,6,0
190,45,Male,27,45.85,19,11,0,37,1
191,42,Male,8,173.63,17,13,0,36,0
192,56,Male,46,381.53,19,12,1,3,0
193,50,Male,25,149.28,24,17,1,33,0
194,18,Female,17,278.99,26,7,0,41,0
195,44,Female,29,369.41,24,13,1,21,0
196,69,Female,53,71.81,26,11,1,4,0
197,30,Female,8,348.94,25,10,0,49,0
198,58,Male,15,64.1,20,7,0,41,0
199,20,Male,27,483.26,24,13,1,22,0
200,56,Female,46,254.43,20,15,0,53,1
201,23,Male,50,92.32,21,8,0,59,1
202,25,Female,52,184.34,21,16,1,14,0
203,44,Female,7,218.44,20,15,1,30,1
204,26,Female,3,383.93,16,14,0,58,1
205,54,Male,29,376.84,23,7,1,8,0
206,50,Female,44,313.73,19,7,0,42,0
207,68,Female,53,70.85,13,12,0,57,0
208,59,Female,24,92.75,23,10,0,52,1
209,61,Male,58,65.0,25,8,0,24,0
210,41,Male,3,297.04,24,10,1,24,0
211,32,Female,20,441.03,28,5,0,48,0
212,49,Male,46,228.22,21,9,0,20,0
213,49,Male,15,97.21,23,14,0,8,0
214,41,Male,25,287.86,16,5,1,54,0
215,58,Male,30,409.64,24,6,0,47,0
216,69,Male,14,376.02,18,9,0,37,0
217,66,Male,7,443.1,16,7,0,21,0
218,66,Male,17,153.39,27,6,1,42,0
219,69,Male,44,113.1,25,10,0,22,0
220,29,Male,20,442.31,20,9,0,48,1
221,56,Male,36,335.63,26,7,0,3,0
222,19,Female,9,169.25,19,10,1,28,0
223,20,Female,38,376.33,19,7,0,14,0
224,66,Male,48,411.26,23,15,0,0,0
225,54,Female,57,315.19,20,13,0,53,0
226,66,Female,22,350.18,20,10,0,29,0
227,34,Male,54,200.12,17,5,1,28,0
228,66,Male,53,278.57,18,7,0,19,1
229,19,Male,53,271.6,14,10,1,32,0
230,19,Female,2,427.06,21,8,1,40,1
231,45,Female,24,423.18,16,6,0,43,0
232,40,Male,8,419.69,15,8,1,35,0
233,54,Male,11,25.3,17,12,1,59,1
234,49,Male,13,379.78,23,10,1,21,0
235,50,Female,17,384.16,22,6,0,12,0
236,18,Female,8,345.62,24,6,0,6,0
237,36,Female,21,383.01,18,13,0,7,0
238,19,Female,18,424.15,21,9,1,27,0
239,61,Male,30,245.75,29,7,0,44,0
240,43,Male,18,260.98,20,13,0,42,0
241,49,Male,46,79.86,20,4,0,8,0
242,23,Male,47,204.98,24,10,0,24,0
243,49,Female,31,328.82,24,13,0,55,0
244,21,Female,38,394.59,19,7,0,15,0
245,28,Male,32,124.26,16,9,0,9,0
246,34,Male,11,86.15,26,10,1,10,0
247,55,Female,45,338.26,23,15,0,30,0
248,41,Male,25,20.9,19,3,1,11,0
249,22,Female,33,105.62,16,6,0,59,0
250,69,Male,38,33.95,17,12,0,30,1
251,51,Male,41,100.1,20,7,1,13,0
252,23,Male,8,107.03,19,10,1,50,1
253,39,Male,11,206.08,22,9,0,43,0
254,28,Male,22,213.12,17,10,1,31,1
255,65,Male,51,439.65,15,11,1,49,0
256,33,Male,24,264.85,25,14,1,52,0
257,50,Female,41,367.23,12,9,0,16,0
258,26,Female,17,69.99,21,13,0,34,0
259,23,Female,12,128.21,18,6,0,0,0
260,33,Female,57,357.41,28,8,0,28,0
261,46,Female,46,45.35,18,8,0,50,0
262,20,Male,32,253.57,13,18,1,3,0
263,37,Male,15,307.7,19,12,0,22,0
264,53,Female,16,309.03,20,8,0,27,0
265,36,Male,54,31.01,22,11,0,15,0
266,43,Female,22,174.61,23,10,1,11,0
267,20,Female,28,325.52,22,12,0,52,0
268,36,Male,20,91.52,18,9,1,20,0
269,37,Male,33,353.8,17,8,0,44,0
270,49,Male,10,378.04,19,4,1,16,0
271,24,Female,40,491.35,25,11,1,39,0
272,69,Male,32,120.72,24,12,0,12,1
273,58,Female,50,416.06,19,9,1,51,0
274,50,Female,33,269.74,18,8,0,57,0
275,57,Female,2,199.26,15,15,0,31,0
276,56,Male,33,78.74,23,11,0,36,0
277,35,Male,33,373.04,21,11,0,49,0
278,57,Female,41,133.21,14,7,1,14,1
279,18,Male,13,198.28,19,14,0,11,0
280,28,Male,30,50.02,20,10,0,48,0
281,45,Male,33,404.66,23,16,0,56,0
282,42,Female,13,387.96,20,7,0,14,0
283,67,Female,52,372.14,19,16,0,33,0
284,40,Male,26,163.73,22,9,1,5,0
285,48,Female,22,103.27,25,14,0,16,0
286,47,Male,39,326.03,24,11,0,47,1
287,59,Male,2,258.16,15,9,0,48,1
288,52,Male,38,105.56,19,8,0,56,0
289,24,Male,39,349.24,19,20,0,19,0
290,33,Female,26,495.74,25,9,1,8,0
291,43,Female,46,378.67,19,10,0,58,0
292,65,Female,58,375.19,20,9,0,4,0
293,69,Male,50,476.15,19,11,0,22,0
294,66,Male,15,117.41,13,9,0,32,1
295,19,Male,34,291.46,24,12,1,37,1
296,18,Female,42,490.23,21,14,0,55,1
297,65,Male,55,99.34,26,12,0,13,0
298,29,Female,44,356.12,19,6,1,16,0
299,22,Female,49,301.19,12,15,0,56,1
300,54,Female,40,301.51,27,6,0,18,1
301,49,Female,11,354.88,17,14,0,32,0
302,26,Female,3,466.22,20,10,0,0,0
303,58,Female,59,395.64,29,12,1,12,0
304,52,Male,6,46.95,19,7,0,45,1
305,36,Male,9,429.31,12,7,1,26,0
306,65,Female,6,128.26,23,19,0,5,1
307,33,Female,9,200.92,14,16,1,58,1
308,20,Male,39,241.63,21,11,0,5,0
309,37,Female,31,250.83,18,18,0,32,0
310,41,Female,32,228.89,22,10,0,29,1
311,50,Male,41,469.93,20,7,0,45,0
312,41,Female,50,358.89,20,11,0,34,0
313,69,Female,12,322.96,19,12,1,22,0
314,28,Female,8,43.92,25,13,1,9,1
315,66,Male,8,453.88,26,8,0,50,1
316,25,Male,50,456.51,28,10,0,18,0
317,53,Male,28,394.5,35,7,1,50,0
318,55,Female,20,23.37,21,5,0,27,1
319,57,Female,47,47.49,25,13,1,22,0
320,37,Male,59,128.11,16,8,0,3,0
321,52,Female,7,83.05,21,16,0,19,0
322,65,Female,11,211.44,30,10,0,18,0
323,42,Female,20,462.86,22,13,0,41,0
324,52,Female,16,246.59,15,8,0,26,0
325,42,Female,4,26.43,19,13,1,56,0
326,46,Male,6,155.72,27,9,1,33,0
327,35,Female,58,41.41,21,12,0,3,1
328,63,Male,22,37.42,22,8,0,55,1
329,35,Female,26,152.35,23,9,0,37,0
330,19,Male,3,152.29,21,3,1,6,1
331,52,Female,41,397.82,11,9,0,47,0
332,33,Male,42,487.92,27,9,0,6,0
333,58,Female,14,198.18,16,11,0,49,0
334,53,Male,11,225.87,21,7,0,51,0
335,50,Female,18,425.5,18,9,1,25,0
336,21,Male,54,148.71,26,10,0,25,0
337,50,Female,12,95.06,16,13,0,53,1
338,31,Male,23,429.48,23,13,0,18,0
339,38,Male,12,42.32,24,15,0,8,0
340,65,Female,13,317.46,18,10,0,19,0
341,37,Female,25,289.76,19,6,0,41,0
342,25,Male,45,186.04,27,7,0,44,0
343,24,Female,51,171.29,21,14,0,49,0
344,20,Male,58,390.49,19,5,0,15,0
345,34,Male,19,61.48,20,12,0,53,0
346,50,Male,55,133.66,29,8,1,16,0
347,65,Female,46,371.58,19,10,0,21,0
348,29,Male,36,283.19,14,12,0,12,0
349,68,Male,45,81.43,15,12,0,11,0
350,39,Female,8,443.43,22,10,0,9,0
351,39,Female,29,208.85,18,15,0,0,0
352,63,Female,55,417.38,24,10,1,31,1
353,47,Female,53,398.1,23,12,0,29,0
354,55,Male,55,319.72,15,13,0,7,0
355,55,Male,32,257.35,24,7,1,20,0
356,62,Male,51,490.18,17,8,0,21,0
357,68,Male,44,89.58,19,7,1,17,0
358,25,Female,18,368.07,17,6,0,1,0
359,44,Male,6,111.77,15,12,1,47,1
360,44,Male,18,182.37,22,15,1,43,1
361,51,Female,19,168.18,9,9,1,8,0
362,38,Male,22,474.58,21,12,1,2,0
363,47,Male,37,484.33,29,7,1,53,1
364,50,Male,32,107.85,20,9,1,25,0
365,45,Male,56,30.58,22,14,0,20,0
366,64,Male,41,365.6,23,12,0,29,0
367,50,Male,59,220.64,14,11,0,27,0
368,22,Female,3,62.64,14,7,1,35,0
369,65,Female,28,348.2,19,11,1,25,1
370,36,Male,10,281.65,25,12,1,33,0
371,21,Male,51,490.65,23,14,1,7,0
372,52,Female,35,129.16,26,12,0,9,0
373,66,Male,29,213.91,23,13,0,47,0
374,34,Male,54,280.42,15,12,0,54,0
375,61,Male,15,400.02,20,12,0,42,0
376,45,Female,33,283.44,27,12,0,49,0
377,47,Male,7,314.19,21,12,1,53,1
378,46,Female,12,128.55,18,16,1,13,0
379,63,Male,49,426.52,27,4,0,39,0
380,23,Female,30,225.74,23,7,0,54,0
381,52,Female,21,87.66,20,11,0,14,0
382,58,Male,31,338.81,21,10,0,16,0
383,54,Female,58,123.72,22,9,0,52,0
384,41,Male,24,66.83,10,14,0,17,0
385,46,Female,20,433.75,16,14,0,31,0
386,66,Male,37,240.88,21,8,0,37,0
387,63,Male,4,379.66,17,10,1,22,0
388,48,Female,28,159.48,21,5,0,45,0
389,52,Male,44,397.75,24,7,0,22,0
390,50,Male,20,73.73,23,9,0,34,0
391,69,Female,24,190.87,24,7,0,38,1
392,38,Male,50,489.47,18,5,0,14,0
393,49,Male,49,401.12,20,11,1,52,0
394,40,Female,51,258.68,24,15,0,23,0
395,50,Female,32,183.09,22,17,0,27,1
396,20,Male,41,438.63,22,10,0,15,0
397,35,Male,36,281.53,24,10,0,15,0
398,42,Female,58,384.04,22,13,0,39,0
399,59,Female,53,381.97,24,5,0,38,0
400,48,Male,34,28.61,18,10,1,5,0
401,20,Female,36,80.6,23,9,1,1,0
402,57,Male,2,336.62,16,13,1,53,0
403,63,Male,15,97.58,21,3,0,12,0
404,41,Male,34,142.64,16,17,0,43,1
405,67,Male,36,474.39,28,9,1,46,0
406,49,Male,6,288.89,17,10,0,58,1
407,64,Female,39,380.35,19,10,0,8,0
408,39,Female,42,287.83,17,20,0,33,0
409,40,Female,51,285.21,17,8,0,16,0
410,19,Female,51,65.19,17,9,0,26,0
411,44,Male,58,184.96,22,7,0,28,0
412,59,Male,54,155.57,22,12,0,36,0
413,19,Male,12,207.55,17,9,1,42,0
414,43,Male,3,403.21,21,7,0,21,1
415,34,Female,45,198.53,18,5,0,50,0
416,57,Male,18,236.81,18,15,0,23,0
417,50,Male,40,210.74,22,8,0,6,0
418,26,Female,21,64.84,18,9,0,33,0
419,60,Female,15,231.71,24,15,1,47,0
420,65,Female,33,113.89,14,10,0,11,0
421,56,Female,35,109.63,25,7,1,22,0
422,46,Male,26,65.14,19,15,0,14,0
423,59,Male,8,191.2,15,14,0,32,1
424,43,Female,36,383.59,23,12,1,56,1
425,52,Male,48,152.69,18,9,0,12,0
426,67,Male,30,169.93,27,11,0,22,0
427,42,Male,23,328.48,27,14,0,37,0
428,41,Female,42,114.0,17,13,0,31,0
429,30,Male,44,450.54,17,4,0,44,0
430,24,Female,14,269.69,29,9,0,49,0
431,53,Male,14,234.85,19,5,0,34,0
432,62,Male,2,287.75,16,5,0,0,0
433,37,Male,55,99.7,26,12,1,46,0
434,18,Female,37,314.47,24,12,1,57,0
435,25,Male,5,194.29,17,9,1,44,0
436,63,Female,38,450.65,19,12,0,4,0
437,33,Female,45,101.05,29,11,1,56,0
438,31,Female,41,263.38,15,11,0,12,0
439,29,Male,54,307.09,14,11,1,53,0
440,68,Male,47,36.02,30,15,0,4,0
441,40,Male,14,194.57,23,12,0,59,0
442,32,Male,56,371.66,21,8,1,31,0
443,45,Female,39,413.78,18,11,0,50,0
444,51,Female,25,170.32,16,5,0,20,0
445,19,Female,20,403.32,21,12,1,23,0
446,49,Male,2,484.52,26,4,1,59,0
447,40,Female,39,431.3,23,9,1,17,1
448,39,Male,6,76.47,12,8,0,20,0
449,68,Female,17,375.07,24,14,0,53,0
450,42,Male,59,173.44,12,8,0,9,0
451,39,Male,25,494.44,13,5,0,23,1
452,39,Female,57,252.97,24,9,0,39,0
453,66,Female,28,78.77,16,5,0,46,0
454,69,Female,2,368.09,24,11,0,20,0
455,59,Female,35,175.05,21,9,0,24,1
456,23,Male,37,498.6,19,6,1,51,0
457,32,Female,5,490.3,16,9,1,59,0
458,60,Female,1,334.94,14,8,1,56,0
459,54,Female,40,82.32,20,10,1,58,0
460,50,Male,12,349.69,14,11,0,22,0
461,25,Male,56,64.65,24,11,1,21,0
462,61,Female,36,34.09,15,11,0,3,0
463,61,Male,45,415.02,18,10,1,33,1
464,22,Female,23,120.68,21,3,1,55,1
465,56,Male,47,201.93,14,12,1,5,0
466,21,Male,31,487.26,17,14,0,27,0
467,23,Male,11,181.68,12,11,0,30,0
468,62,Male,10,162.32,17,11,0,34,0
469,49,Female,3,460.74,22,9,0,38,1
470,69,Female,54,73.16,18,14,0,41,1
471,47,Female,14,384.6,25,15,0,22,0
472,64,Male,16,494.27,16,10,0,5,1
473,52,Female,10,452.62,24,12,0,15,0
474,57,Female,29,332.8,23,8,1,1,0
475,69,Female,10,170.75,16,7,0,23,0
476,33,Male,12,142.07,29,7,0,16,1
477,30,Male,30,413.24,17,8,1,44,0
478,67,Male,41,442.31,19,13,0,0,0
479,59,Female,1,272.21,20,15,1,5,1
480,47,Female,5,137.28,17,8,0,4,0
481,36,Female,20,74.21,17,9,0,56,0
482,34,Male,8,61.85,15,10,0,44,1
483,36,Male,43,365.16,20,12,0,59,1
484,45,Female,12,221.66,13,10,0,54,1
485,43,Male,1,454.57,33,11,0,49,1
486,54,Male,57,375.04,17,14,0,28,0
487,43,Male,54,111.81,10,12,0,11,0
488,40,Male,20,314.61,18,11,0,38,0
489,26,Female,28,229.04,17,11,0,46,0
490,29,Male,57,297.08,17,8,0,2,0
491,18,Male,43,374.27,24,3,0,47,1
492,18,Male,37,406.97,19,11,0,0,0
493,64,Male,47,424.99,22,12,0,26,0
494,51,Female,37,141.91,29,17,0,47,0
495,49,Female,12,34.94,20,9,1,23,0
496,65,Male,37,374.86,16,7,0,43,0
497,42,Male,49,71.04,17,13,1,18,0
498,57,Male,49,171.16,16,11,1,58,0
499,62,Male,56,21.83,21,11,0,7,0
500,18,Male,44,347.2,23,12,0,54,1
501,33,Male,56,100.22,18,11,1,43,1
502,56,Female,28,334.54,16,5,1,46,0
503,22,Male,47,496.04,25,10,0,1,0
504,39,Female,15,54.88,14,6,1,29,0
505,46,Female,6,57.0,22,7,1,29,0
506,20,Male,44,183.38,15,9,0,48,0
507,29,Female,59,435.87,19,9,1,38,0
508,43,Female,20,123.45,15,14,0,44,0
509,33,Female,50,192.98,26,11,0,31,0
510,68,Female,14,52.88,20,11,1,0,1
511,54,Female,2,386.31,24,14,1,37,0
512,39,Female,9,215.99,21,12,0,12,0
513,46,Male,37,384.44,24,10,0,10,0
514,31,Female,20,453.73,23,11,0,9,0
515,45,Female,26,131.73,24,15,1,47,0
516,22,Female,29,407.55,15,12,0,58,0
517,64,Male,1,48.37,12,9,1,25,0
518,66,Female,55,451.45,17,7,1,55,0
519,47,Male,35,332.37,17,8,0,54,0
520,63,Female,6,439.63,16,10,0,19,0
521,69,Male,37,20.09,24,12,0,16,0
522,22,Male,53,101.16,16,8,0,16,0
523,29,Female,59,207.08,18,12,0,3,0
524,33,Female,5,202.16,20,12,0,4,0
525,43,Male,33,128.83,24,8,0,59,0
526,43,Female,49,203.17,20,8,0,22,0
527,65,Male,51,81.85,13,10,0,45,0
528,38,Male,14,218.13,15,8,0,51,0
529,56,Male,12,405.13,17,11,0,9,0
530,53,Male,42,249.95,13,9,0,45,0
531,50,Male,20,28.64,15,7,0,27,0
532,47,Female,53,222.29,22,8,0,32,0
533,54,Male,50,33.04,17,10,0,42,1
534,40,Male,24,483.8,22,6,1,25,0
535,27,Female,59,81.18,24,4,0,54,0
536,22,Male,43,359.69,20,16,0,49,0
537,53,Female,34,486.93,21,14,1,47,0
538,51,Female,25,416.5,16,9,0,28,0
539,69,Female,50,355.67,27,12,0,26,1
540,48,Male,29,422.94,23,7,1,17,0
541,27,Male,57,491.26,19,11,1,39,0
542,36,Male,39,318.25,15,9,1,59,1
543,49,Female,31,288.41,21,15,1,9,0
544,18,Male,56,321.55,24,7,0,57,0
545,22,Female,47,275.68,18,10,0,41,0
546,62,Male,43,324.84,14,13,0,4,0
547,21,Female,50,235.92,24,5,0,9,0
548,33,Male,23,124.85,21,10,0,49,0
549,41,Male,44,77.72,20,11,1,20,0
550,33,Male,38,52.8,20,7,0,23,0
551,19,Female,20,146.39,15,10,0,37,0
552,66,Female,23,42.14,24,20,1,2,0
553,45,Male,45,292.24,24,4,1,39,0
554,49,Male,52,156.24,19,12,0,30,0
555,44,Female,16,415.78,22,13,1,40,1
556,37,Female,50,55.64,22,4,1,36,0
557,41,Female,42,128.65,19,11,0,1,0
558,29,Male,55,370.52,14,9,0,1,0
559,67,Female,8,307.43,21,7,0,38,0
560,52,Male,50,50.96,16,12,0,48,1
561,50,Female,21,441.07,20,10,0,41,1
562,50,Male,1,441.09,22,12,1,43,0
563,68,Female,55,178.6,24,15,1,33,0
564,60,Female,8,183.39,20,7,1,41,0
565,54,Female,29,494.73,17,9,1,19,0
566,29,Female,32,320.56,32,11,1,32,0
567,20,Female,38,275.03,15,6,0,3,0
568,18,Male,5,422.31,29,12,0,44,0
569,50,Female,47,156.94,18,9,1,43,0
570,57,Female,22,226.01,29,9,0,10,1
571,27,Female,47,148.53,22,8,0,41,0
572,60,Male,34,398.8,16,16,0,46,0
573,61,Female,1,295.21,16,13,1,4,0
574,46,Male,55,336.24,23,11,0,24,0
575,30,Female,55,141.11,21,11,1,48,0
576,29,Female,26,125.71,14,10,0,59,0
577,48,Male,43,254.42,22,14,0,36,0
578,63,Female,10,374.03,25,10,0,33,1
579,19,Male,30,272.12,24,8,1,8,0
580,68,Male,50,35.67,23,7,0,5,0
581,67,Female,18,436.9,22,13,1,17,0
582,52,Male,17,51.05,19,8,0,13,0
583,40,Female,26,478.8,21,10,0,18,0
584,34,Female,8,32.07,21,9,0,13,1
585,43,Male,47,353.34,14,9,0,39,0
586,25,Male,40,59.46,26,7,0,16,0
587,46,Male,49,457.12,23,8,0,59,0
588,43,Male,12,242.93,17,7,1,34,0
589,27,Female,27,86.01,21,10,0,28,0
590,43,Female,8,183.59,16,7,0,41,0
591,51,Male,25,99.12,18,12,1,16,0
592,68,Female,46,101.88,19,10,0,58,0
593,58,Female,4,475.09,22,12,0,42,0
594,24,Female,33,233.72,25,11,0,7,0
595,21,Female,1,398.63,14,14,0,0,0
596,67,Male,19,327.01,28,9,0,44,0
597,62,Male,31,344.68,20,12,1,52,0
598,28,Female,16,83.21,27,9,0,35,1
599,46,Male,14,132.41,17,11,0,6,0
600,53,Male,53,397.64,26,9,0,45,0
601,42,Male,48,485.97,17,5,1,4,0
602,38,Female,5,146.08,14,11,0,23,1
603,53,Female,41,150.35,21,18,1,27,1
604,27,Female,26,246.99,18,10,1,42,0
605,54,Male,28,492.24,18,11,1,16,0
606,26,Female,2,149.1,14,10,1,36,0
607,41,Female,50,215.35,19,10,0,19,0
608,52,Male,6,447.91,19,8,1,2,0
609,66,Female,9,21.4,20,10,0,36,1
610,52,Female,33,39.09,20,13,1,25,0
611,65,Male,41,309.95,21,11,0,14,0
612,53,Male,25,455.54,18,9,1,50,1
613,35,Male,48,134.65,22,11,0,47,0
614,66,Female,13,245.43,21,9,0,7,0
615,56,Female,9,236.22,24,16,1,12,0
616,49,Female,53,247.03,24,11,0,47,0
617,41,Male,13,318.81,24,8,0,2,0
618,40,Male,31,245.48,20,7,0,0,0
619,49,Female,41,234.78,16,6,1,8,0
620,54,Female,11,247.66,21,11,0,30,1
621,29,Male,4,303.62,17,9,0,40,0
622,66,Male,34,277.76,17,11,0,53,0
623,30,Male,38,429.99,22,5,0,25,0
624,40,Male,46,43.76,11,10,1,16,0
625,42,Female,4,419.99,20,11,1,55,0
626,52,Male,38,425.08,19,7,0,33,1
627,58,Female,19,156.76,22,10,0,8,0
628,47,Female,6,242.17,24,18,1,55,0
629,34,Female,34,230.5,29,14,0,50,0
630,66,Male,18,124.88,22,9,0,12,0
631,37,Male,13,210.46,18,8,0,4,0
632,65,Male,41,41.31,24,11,0,40,0
633,42,Male,23,153.35,21,12,0,12,0
634,39,Female,19,412.01,25,8,0,0,0
635,30,Male,45,156.59,12,8,0,24,0
636,36,Male,11,412.74,11,9,0,46,0
637,66,Female,1,275.17,13,9,1,3,0
638,53,Male,24,442.33,22,12,0,35,0
639,29,Female,54,295.89,19,5,1,51,0
640,58,Female,7,34.24,19,11,0,9,0
641,36,Female,25,344.2,14,13,1,27,0
642,29,Female,21,41.53,15,7,1,56,1
643,26,Female,15,236.29,20,8,1,5,0
644,24,Female,1,466.12,26,6,1,26,0
645,45,Female,12,99.3,15,9,0,55,1
646,31,Female,58,207.14,23,8,0,11,0
647,48,Male,7,370.33,13,8,0,51,0
648,69,Male,15,443.48,16,7,0,47,1
649,36,Male,21,342.05,20,12,0,2,0
650,64,Male,19,143.92,21,10,1,45,0
651,33,Female,29,343.81,21,10,0,32,0
652,22,Male,25,162.43,18,10,0,9,0
653,52,Female,33,364.85,20,10,1,30,0
654,29,Male,49,477.94,20,10,0,14,0
655,42,Male,32,366.27,16,11,0,6,0
656,69,Male,49,434.18,18,13,1,35,0
657,38,Female,35,21.01,15,8,0,13,0
658,53,Male,44,364.43,18,9,0,55,1
659,40,Female,38,418.2,21,4,1,47,1
660,33,Female,26,39.47,20,9,1,13,0
661,56,Male,11,438.37,27,12,1,2,0
662,62,Male,35,143.21,24,14,0,48,0
663,59,Male,8,339.34,18,10,1,52,0
664,56,Female,46,404.17,21,9,0,45,0
665,31,Male,14,338.08,21,11,0,49,0
666,48,Female,10,64.3,14,6,0,2,0
667,22,Female,2,306.23,15,9,0,21,1
668,52,Male,46,283.8,25,11,0,18,0
669,40,Male,9,452.15,19,13,0,34,0
670,46,Female,3,214.04,17,11,0,11,0
671,60,Female,21,174.12,12,8,0,53,0
672,28,Female,26,379.93,29,6,1,4,0
673,35,Male,8,218.08,19,5,0,9,0
674,64,Female,48,330.13,15,9,0,40,0
675,29,Male,2,330.3,17,9,0,32,0
676,26,Female,6,446.26,21,9,0,12,0
677,27,Female,28,307.37,22,9,0,34,0
678,61,Male,53,261.03,14,11,0,50,0
679,34,Female,29,86.66,16,8,0,31,1
680,55,Male,26,75.55,18,9,1,10,0
681,24,Male,25,94.07,17,6,0,47,1
682,63,Female,12,102.49,20,10,0,37,0
683,30,Male,5,326.18,16,8,0,23,0
684,57,Male,34,375.67,14,10,0,34,1
685,59,Female,48,274.4,27,9,0,18,0
686,26,Male,37,417.93,19,13,0,5,0
687,67,Male,15,495.81,21,12,0,39,0
688,44,Male,44,413.61,19,15,1,53,0
689,19,Female,36,353.54,24,10,1,44,0
690,22,Male,15,275.6,15,13,0,43,0
691,46,Female,43,235.45,23,12,1,41,1
692,54,Female,48,60.51,13,9,0,34,1
693,55,Male,23,211.7,22,9,1,3,0
694,36,Male,6,456.86,11,14,0,32,1
695,25,Male,46,407.85,24,12,0,12,0
696,65,Female,50,123.7,22,11,1,55,0
697,62,Male,44,243.97,14,15,1,35,0
698,18,Male,59,412.03,15,15,1,53,0
699,39,Male,43,52.34,22,12,0,42,1
700,69,Male,45,205.95,21,9,1,18,0
701,34,Male,21,428.88,18,12,1,42,0
702,24,Female,23,213.87,19,13,0,11,0
703,42,Female,43,57.26,22,11,0,10,1
704,62,Male,55,280.42,18,14,0,5,0
705,21,Male,16,433.64,31,11,1,11,0
706,53,Male,47,303.34,20,6,0,26,0
707,23,Male,53,128.61,23,14,0,40,0
708,48,Female,15,204.44,25,10,0,24,0
709,36,Male,25,236.06,23,10,0,41,1
710,61,Female,36,298.05,20,9,0,2,0
711,56,Female,11,384.49,26,9,0,2,0
712,44,Male,51,67.46,19,9,1,19,0
713,27,Female,15,447.03,22,9,0,27,0
714,43,Female,4,25.91,11,9,1,22,1
715,36,Female,21,197.63,21,16,0,47,0
716,56,Female,13,33.16,14,20,0,2,1
717,20,Male,22,208.63,18,13,0,41,0
718,62,Male,19,272.39,23,15,0,23,0
719,30,Female,34,265.61,18,11,0,42,0
720,67,Male,14,99.5,22,7,1,39,0
721,45,Male,4,329.96,17,10,0,5,0
722,37,Male,48,41.49,12,10,0,19,0
723,45,Male,53,385.72,16,10,0,10,0
724,25,Male,52,474.39,18,9,0,31,0
725,58,Female,46,183.09,19,8,1,59,0
726,56,Male,27,268.27,20,8,0,26,0
727,18,Male,29,201.88,19,12,0,20,0
728,20,Male,47,23.22,27,7,0,43,1
729,30,Male,28,205.22,23,12,0,47,0
730,45,Female,35,400.03,17,13,0,49,1
731,66,Female,8,306.07,27,8,0,12,0
732,42,Female,16,68.6,13,12,0,21,0
733,50,Female,42,426.63,13,13,0,34,0
734,55,Male,36,274.92,21,13,0,46,0
735,23,Female,30,424.03,18,5,1,21,0
736,61,Male,18,298.51,16,4,0,27,0
737,62,Male,2,288.65,17,15,1,20,0
738,49,Male,49,70.52,14,10,1,45,0
739,62,Male,13,100.33,17,12,0,17,0
740,64,Male,4,486.57,24,11,0,30,1
741,38,Female,26,129.67,17,11,0,59,0
742,33,Female,25,489.18,18,11,1,45,0
743,38,Female,30,275.32,15,15,0,36,0
744,28,Female,11,85.18,18,4,0,20,1
745,54,Male,7,67.67,21,11,0,13,0
746,53,Female,31,120.25,15,8,1,24,0
747,52,Male,44,464.31,24,11,0,26,0
748,36,Female,10,218.79,21,8,0,39,0
749,37,Male,39,209.81,18,8,0,59,0
750,35,Male,13,170.34,18,10,0,59,0
751,64,Female,31,90.59,17,11,0,22,1
752,58,Male,7,254.17,17,6,1,30,1
753,66,Male,56,82.42,21,8,1,46,0
754,31,Female,49,421.03,22,13,1,59,1
755,32,Male,42,197.79,26,13,0,28,0
756,48,Female,42,199.91,16,11,0,46,1
757,18,Female,56,247.52,22,9,0,29,0
758,20,Female,36,233.18,11,8,0,50,0
759,33,Male,20,497.53,19,10,0,25,0
760,40,Male,4,281.78,27,6,0,19,1
761,28,Male,54,62.34,20,14,0,37,0
762,29,Female,7,311.3,28,7,0,18,1
763,27,Male,54,92.76,24,8,0,26,0
764,49,Female,1,34.85,18,5,1,24,0
765,33,Female,44,485.96,26,8,0,39,0
766,25,Male,56,391.3,15,9,1,37,0
767,55,Female,45,490.45,10,13,1,51,0
768,29,Male,42,249.38,32,5,0,22,0
769,41,Male,47,275.48,22,10,0,28,0
770,45,Male,59,100.8,18,8,0,14,0
771,25,Male,13,138.52,16,8,1,58,0
772,45,Male,55,422.5,22,9,0,2,0
773,53,Female,22,190.97,18,12,1,9,0
774,43,Female,54,416.87,14,13,0,14,0
775,25,Female,21,360.33,22,11,1,55,0
776,67,Male,22,105.04,17,13,1,15,0
777,45,Male,28,263.57,12,10,0,16,0
778,45,Male,9,345.15,20,6,0,18,0
779,54,Female,26,132.82,24,9,0,10,0
780,58,Male,9,418.73,27,16,0,47,0
781,53,Female,15,281.52,25,9,0,4,0
782,44,Female,10,99.32,16,8,1,4,0
783,34,Male,24,299.83,17,9,0,57,1
784,26,Male,58,499.86,15,12,1,13,0
785,50,Female,57,92.25,19,9,1,49,1
786,37,Male,42,412.04,22,6,0,25,0
787,30,Female,8,119.51,29,6,1,7,1
788,45,Male,24,395.55,17,9,0,4,0
789,65,Male,16,372.6,21,3,1,6,0
790,46,Female,49,164.23,22,14,0,15,1
791,30,Male,26,176.4,22,10,0,54,0
792,63,Female,27,400.41,16,18,0,13,0
793,52,Male,37,241.49,22,4,0,36,0
794,23,Female,4,370.79,19,11,0,55,1
795,35,Female,50,91.03,17,11,0,40,0
796,68,Male,24,429.23,28,9,0,3,0
797,22,Female,19,361.22,19,4,1,35,0
798,64,Male,36,455.33,14,12,0,47,0
799,42,Male,39,83.54,14,9,0,55,1
800,19,Male,10,304.65,17,9,0,16,0
801,27,Female,25,307.58,12,8,1,46,1
802,47,Female,18,189.66,26,11,1,35,0
803,67,Male,19,240.06,23,8,0,5,0
804,62,Male,36,38.23,26,7,0,15,0
805,22,Female,10,378.01,16,9,0,28,0
806,50,Male,33,283.67,16,13,0,35,0
807,18,Male,55,47.72,15,12,1,37,0
808,35,Female,50,346.76,19,5,0,36,0
809,49,Male,5,244.06,14,10,1,47,0
810,64,Female,47,36.54,11,3,0,56,1
811,66,Male,49,485.41,20,15,1,47,0
812,28,Female,35,475.57,26,18,0,9,0
813,38,Male,44,266.19,20,10,1,40,0
814,43,Male,34,64.96,25,8,1,35,0
815,42,Female,33,382.22,14,6,1,28,0
816,39,Male,55,256.13,22,11,0,13,0
817,44,Female,21,165.17,17,13,0,3,0
818,66,Male,17,255.88,17,11,0,43,0
819,30,Female,22,270.77,18,12,0,55,0
820,50,Female,48,290.1,20,8,0,41,1
821,51,Female,37,231.79,13,9,0,35,0
822,58,Female,15,310.76,20,12,0,49,1
823,52,Male,35,460.99,23,14,0,44,0
824,18,Male,28,193.89,23,10,0,12,0
825,38,Female,7,368.34,16,9,0,45,0
826,65,Female,32,449.34,23,8,0,17,0
827,23,Female,11,238.87,16,9,0,32,0
828,45,Male,10,232.86,28,12,0,20,1
829,34,Male,9,309.02,16,10,0,15,0
830,22,Male,14,303.88,17,14,1,14,0
831,48,Male,13,407.16,12,11,1,53,0
832,22,Female,57,248.71,23,15,1,56,0
833,55,Female,25,498.14,24,8,1,4,0
834,20,Female,2,48.55,17,4,0,5,0
835,40,Male,35,21.52,17,11,0,37,0
836,54,Male,7,327.3,26,6,0,2,1
837,54,Male,21,163.25,26,12,0,47,0
838,27,Female,18,135.38,20,11,0,11,0
839,27,Female,3,169.71,18,10,0,35,0
840,36,Male,42,142.9,14,11,0,32,0
841,34,Female,54,34.78,27,10,0,35,1
842,38,Male,39,486.34,14,4,1,32,0
843,31,Male,41,125.96,15,9,0,30,1
844,26,Female,49,372.33,11,10,0,20,0
845,63,Male,11,386.05,18,8,0,26,0
846,18,Female,39,466.04,23,9,0,26,0
847,68,Male,24,34.66,25,11,0,7,1
848,62,Female,46,438.58,17,10,1,55,0
849,30,Female,19,273.07,23,12,0,36,0
850,21,Female,4,323.62,18,7,0,31,0
851,18,Male,26,329.35,24,9,0,25,0
852,66,Male,38,413.5,26,14,0,1,1
853,57,Female,42,180.04,15,14,1,11,0
854,49,Female,32,371.86,23,13,0,21,0
855,51,Male,39,273.72,19,13,1,16,0
856,45,Male,45,400.83,16,14,1,6,0
857,48,Male,46,495.46,25,15,1,42,0
858,25,Female,36,116.31,20,12,0,3,0
859,56,Male,40,497.43,30,5,0,36,0
860,43,Male,37,63.11,19,14,0,37,0
861,51,Female,33,21.11,23,10,0,31,0
862,20,Male,36,41.2,19,12,1,10,0
863,67,Male,3,184.06,22,8,1,0,1
864,29,Male,9,323.8,22,6,1,24,0
865,18,Female,8,53.13,19,5,1,41,1
866,61,Female,33,22.72,16,6,0,51,0
867,22,Female,59,469.8,30,7,0,23,0
868,47,Female,6,414.52,23,10,0,52,1
869,47,Female,41,408.41,25,17,1,42,0
870,34,Female,39,444.52,23,8,1,55,1
871,65,Female,4,356.02,25,7,0,16,0
872,64,Male,13,70.11,22,11,1,7,0
873,40,Male,49,211.57,20,7,1,58,0
874,32,Female,2,367.11,22,10,1,44,1
875,54,Male,5,154.56,19,10,1,26,0
876,38,Male,44,349.96,23,13,0,51,0
877,31,Female,27,31.76,25,12,0,17,0
878,19,Male,32,166.95,22,8,0,26,0
879,28,Male,21,283.58,23,9,0,21,0
880,68,Male,8,323.4,16,9,0,15,1
881,56,Male,38,296.98,21,6,0,1,0
882,55,Male,8,354.92,24,10,1,4,0
883,51,Female,50,22.92,15,7,0,17,0
884,55,Female,3,68.45,20,14,1,2,1
885,67,Female,54,437.09,20,9,0,26,0
886,51,Male,44,347.24,16,18,0,53,0
887,35,Female,58,74.21,12,11,0,16,0
888,47,Male,3,424.2,25,11,0,15,1
889,32,Male,22,136.27,18,14,0,5,0
890,44,Male,6,249.56,16,7,0,50,1
891,68,Male,2,89.69,16,10,0,6,0
892,51,Female,23,360.85,16,11,0,49,0
893,69,Female,44,340.09,19,8,0,13,0
894,55,Male,2,121.33,25,9,1,37,1
895,50,Female,38,434.43,13,14,0,39,0
896,41,Male,17,212.63,21,12,0,14,0
897,32,Female,35,160.41,16,17,1,46,0
898,47,Female,34,93.12,17,12,0,46,0
899,59,Male,23,147.76,26,9,1,47,0
900,68,Female,30,30.57,17,16,1,32,1
901,34,Male,52,299.96,16,11,1,42,0
902,22,Female,8,424.27,14,9,0,26,0
903,46,Male,22,283.51,20,12,1,28,0
904,21,Male,44,125.25,21,10,1,56,0
905,27,Female,58,36.16,17,7,0,36,1
906,34,Female,36,123.02,16,11,0,4,0
907,27,Male,5,219.74,13,16,0,28,0
908,34,Female,13,384.61,23,9,1,31,0
909,37,Female,29,110.16,22,12,0,59,0
910,41,Male,31,365.5,21,13,1,52,0
911,22,Male,47,436.13,19,8,0,5,0
912,51,Female,57,237.89,23,14,1,1,0
913,23,Male,55,414.29,24,18,0,5,0
914,19,Male,16,286.24,18,12,0,45,0
915,30,Male,42,325.8,19,12,0,42,0
916,60,Female,30,272.61,11,12,0,3,0
917,60,Female,57,242.32,21,6,0,55,0
918,65,Male,55,132.63,22,5,0,28,0
919,28,Female,16,165.53,22,14,0,58,0
920,68,Male,12,159.19,14,5,1,24,0
921,64,Female,17,290.38,20,10,1,8,0
922,40,Male,16,77.58,18,20,0,55,0
923,33,Male,12,460.06,20,9,0,2,0
924,48,Female,8,365.91,21,6,0,25,0
925,28,Male,20,212.69,20,11,1,47,0
926,33,Female,3,96.14,22,13,0,42,1
927,25,Female,16,443.36,20,8,0,26,0
928,21,Male,30,415.41,10,12,0,35,1
929,57,Male,45,366.43,18,9,1,31,0
930,21,Female,23,150.34,18,6,0,0,0
931,42,Male,28,213.17,29,10,1,56,0
932,20,Male,51,69.32,19,8,0,52,0
933,49,Male,40,110.74,29,6,0,53,0
934,20,Male,54,395.85,20,10,0,15,0
935,44,Male,5,363.22,21,10,0,50,1
936,46,Female,20,304.87,15,6,0,47,0
937,49,Female,40,449.95,21,12,0,10,0
938,67,Male,56,299.97,25,12,0,25,0
939,68,Male,44,244.14,18,14,0,39,1
940,36,Male,1,183.38,17,6,0,54,1
941,38,Female,57,471.42,23,8,1,0,0
942,22,Male,30,59.7,14,5,0,25,1
943,35,Female,21,466.83,17,11,0,27,0
944,45,Female,20,416.82,23,13,0,52,0
945,59,Female,6,82.37,23,8,0,57,0
946,39,Male,22,291.19,17,8,0,8,0
947,38,Female,18,435.94,15,3,0,59,0
948,23,Male,8,294.47,20,12,0,58,0
949,18,Female,39,455.46,25,11,0,43,0
950,22,Male,32,472.63,11,9,1,21,0
951,58,Female,33,222.74,23,5,0,7,0
952,29,Male,53,201.11,27,16,0,57,0
953,43,Female,16,469.43,14,9,0,48,0
954,63,Male,12,344.07,23,10,0,41,0
955,51,Male,38,75.69,18,9,1,26,0
956,66,Male,52,40.3,19,14,0,38,1
957,31,Male,34,291.02,14,10,0,18,0
958,43,Female,14,466.48,25,11,0,24,1
959,62,Female,36,425.24,24,12,0,37,0
960,44,Male,33,344.41,20,9,0,20,0
961,26,Female,23,86.78,23,3,0,23,1
962,43,Male,50,142.03,14,15,0,23,0
963,64,Male,45,440.25,27,9,0,59,1
964,39,Female,2,107.75,17,15,0,59,0
965,64,Male,41,153.65,17,11,0,18,0
966,47,Male,21,82.21,9,18,0,49,0
967,60,Female,2,344.53,22,11,1,46,0
968,65,Male,27,473.11,18,5,0,1,0
969,34,Male,57,149.1,18,11,0,13,0
970,43,Male,9,248.2,17,10,0,52,0
971,53,Male,1,324.48,20,7,0,31,0
972,18,Female,11,499.74,23,11,0,41,1
973,25,Female,3,70.31,25,11,1,31,1
974,66,Female,52,259.31,19,11,1,27,0
975,52,Male,23,204.86,19,8,0,47,0
976,69,Male,26,435.59,18,14,0,38,0
977,32,Female,4,248.46,16,12,0,39,0
978,64,Male,18,73.27,18,8,0,41,0
979,39,Male,55,324.52,26,7,1,46,0
980,31,Male,6,389.97,22,7,0,39,0
981,43,Male,35,21.38,16,13,0,12,0
982,45,Female,22,432.3,21,12,0,11,0
983,40,Female,43,109.29,17,7,0,7,0
984,31,Female,15,284.99,25,14,1,14,0
985,41,Male,22,219.58,17,9,0,25,0
986,19,Female,37,365.43,17,10,0,11,0
987,62,Female,52,198.16,13,9,0,42,1
988,43,Male,42,437.49,14,11,1,50,0
989,31,Male,12,370.64,21,17,1,45,1
990,68,Female,47,330.9,11,12,0,26,0
991,24,Female,49,402.2,16,7,0,17,0
992,20,Female,42,381.93,13,9,0,44,0
993,64,Female,38,37.25,27,6,0,35,0
994,40,Male,18,209.47,20,12,0,48,1
995,63,Female,45,466.79,23,10,0,50,1
996,60,Female,35,80.35,19,7,0,26,0
997,64,Male,30,373.81,18,6,0,8,0
998,62,Female,24,487.8,23,14,1,54,0
999,35,Male,42,45.06,15,14,0,38,1
1000,55,Male,30,347.45,15,15,0,0,0
